{
  "id": "070d911f-39d8-47f6-8496-928bec4e48b4",
  "name": "Send email to arampersad@centennialcollege.ca when submitted",
  "form": "d4e433ee-3ff6-424a-9643-678a4cdd149f",
  "active": true,
  "workflowTypeId": "e96badd7-05be-4978-b8d9-b3d733de70a5",
  "executesOn": "Submitted",
  "settings": {
    "Email": "arampersad@centennialcollege.ca",
    "Subject": "the form Contact form was submitted",
    "Message": "the form Contact form was submitted, this is the list of values it contained, you can turn this email off under workflows in Umbraco Contour"
  },
  "sortOrder": 0
}