{
  "id": "13c2b574-1e03-40de-abea-dbaddf9f7fbc",
  "name": "Send email to webupdates@centennialcollege.ca when submitted",
  "form": "fb052656-19d6-4747-9a2d-bf316a07ff36",
  "active": true,
  "workflowTypeId": "e96badd7-05be-4978-b8d9-b3d733de70a5",
  "executesOn": "Submitted",
  "settings": {
    "Email": "webupdates@centennialcollege.ca",
    "Subject": "the form denise test was submitted",
    "Message": "the form denise test was submitted, this is the list of values it contained, you can turn this email off under workflows in Umbraco Contour"
  },
  "sortOrder": 0
}