{
  "id": "17df16ca-2c64-4f4b-9f1e-d00424d079cc",
  "name": "Send email to sageletters@centennialcollege.ca when submitted",
  "form": "a13028a9-0e97-4da4-a129-542f27064317",
  "active": true,
  "workflowTypeId": "7d86c6e1-5831-491d-b1e5-70520fbc75e2",
  "executesOn": "Submitted",
  "settings": {
    "Email": "sageletters@centennialcollege.ca",
    "Message": "the form Confirmation of Enrolment Request Form was submitted, this is the list of values it contained, you can turn this email off under workflows in Umbraco Contour",
    "Subject": "the form Confirmation of Enrolment Request Form was submitted",
    "XsltFile": "/media/14493/umbracoformxslt.xslt"
  },
  "sortOrder": 0
}