{
  "id": "1f5e1eb5-2e36-430a-ab01-565355e5e0dd",
  "name": "Send email to Athletics when submitted",
  "form": "ed50a9e8-cd9b-457e-b0ad-90116cf7447e",
  "active": true,
  "workflowTypeId": "7d86c6e1-5831-491d-b1e5-70520fbc75e2",
  "executesOn": "Submitted",
  "settings": {
    "Email": "athletics@centennialcollege.ca",
    "Message": "the form Fitness Class Registration was submitted, this is the list of values it contained, you can turn this email off under workflows in Umbraco Contour",
    "Subject": "the form Fitness Class Registration was submitted",
    "XsltFile": "/media/14493/umbracoformxslt.xslt"
  },
  "sortOrder": 0
}