{
  "id": "20c7a800-72e6-4aed-89ae-e5c1972972cc",
  "name": "Send email to lnewman@centennialcollege.ca when submitted",
  "form": "cfa05923-83f8-40b5-88b3-2d1b9ef25eec",
  "active": true,
  "workflowTypeId": "7d86c6e1-5831-491d-b1e5-70520fbc75e2",
  "executesOn": "Submitted",
  "settings": {
    "Email": "lnewman@centennialcollege.ca",
    "Message": "the form StrengthsQuest Workshop was submitted, this is the list of values it contained, you can turn this email off under workflows in Umbraco Contour",
    "Subject": "the form StrengthsQuest Workshop was submitted",
    "XsltFile": "/media/14493/umbracoformxslt.xslt"
  },
  "sortOrder": 0
}