{
  "id": "22346769-2f73-4ce6-b45a-a8000974aa7e",
  "name": "Send email to athletics@centennialcollege.ca when submitted",
  "form": "b805847a-9403-4bfb-86a0-91378889048d",
  "active": true,
  "workflowTypeId": "7d86c6e1-5831-491d-b1e5-70520fbc75e2",
  "executesOn": "Submitted",
  "settings": {
    "Email": "athletics@centennialcollege.ca",
    "Message": "the form Summer Camp Registration was submitted, this is the list of values it contained, you can turn this email off under workflows in Umbraco Contour",
    "Subject": "the form Summer Camp Registration was submitted",
    "XsltFile": "/media/14493/umbracoformxslt.xslt"
  },
  "sortOrder": 0
}