{
  "id": "2d3fc005-258e-4765-b318-ca35cb29893a",
  "name": "Send email to sageletters@centennialcollege.ca when submitted",
  "form": "9257fe22-ae3e-44fb-a8f1-31e496d7777f",
  "active": true,
  "workflowTypeId": "7d86c6e1-5831-491d-b1e5-70520fbc75e2",
  "executesOn": "Submitted",
  "settings": {
    "Email": "sageletters@centennialcollege.ca",
    "FromEmail": "{myCentennialEmail}",
    "FromName": "{FirstName}",
    "Message": "The International Student Online Letter Request form was submitted, this is the list of values it contained.",
    "Subject": "The form Social Insurance Number Request Form was submitted",
    "XsltFile": "/media/14493/umbracoformxslt.xslt"
  },
  "sortOrder": 0
}