{
  "id": "2e57a494-2179-4e3d-8ad2-34969690de0b",
  "name": "Send email to webupdates@centennialcollege.ca when submitted",
  "form": "83c6d0e0-b204-449f-8caf-8fa81da2812e",
  "active": true,
  "workflowTypeId": "e96badd7-05be-4978-b8d9-b3d733de70a5",
  "executesOn": "Submitted",
  "settings": {
    "Email": "webupdates@centennialcollege.ca",
    "Subject": "the form denise test was submitted",
    "Message": "the form denise test was submitted, this is the list of values it contained, you can turn this email off under workflows in Umbraco Contour"
  },
  "sortOrder": 0
}