{
  "id": "34c7f6d0-be1c-4c35-821c-4e585ea815bd",
  "name": "Send email to dlindell@centennialcollege.ca when submitted",
  "form": "7e00c477-f5e0-4b61-a606-9482efad89cb",
  "active": true,
  "workflowTypeId": "7d86c6e1-5831-491d-b1e5-70520fbc75e2",
  "executesOn": "Submitted",
  "settings": {
    "Email": "dlindell@centennialcollege.ca",
    "Message": "the form Field Placement Description was submitted, this is the list of values it contained, you can turn this email off under workflows in Umbraco Contour",
    "Subject": "the form Field Placement Description was submitted",
    "XsltFile": "/media/14493/umbracoformxslt.xslt"
  },
  "sortOrder": 0
}