{
  "id": "3c159b02-1889-43ff-9121-0dab00c77227",
  "name": "Send email to asampson@centennialcollege.ca when submitted",
  "form": "a587972a-c56b-4283-84a8-b44a4d7fc0ae",
  "active": true,
  "workflowTypeId": "7d86c6e1-5831-491d-b1e5-70520fbc75e2",
  "executesOn": "Submitted",
  "settings": {
    "Email": "asampson@centennialcollege.ca",
    "Message": "the form Vendor Application was submitted, this is the list of values it contained, you can turn this email off under workflows in Umbraco Contour",
    "Subject": "the form Vendor Application was submitted",
    "XsltFile": "/media/14493/umbracoformxslt.xslt"
  },
  "sortOrder": 0
}