{
  "id": "3d6aa08f-b80a-4a39-ade9-1e0013e53b15",
  "name": "Send email to CentennialResidence@studenthousing.com when submitted",
  "form": "6fb73a43-c74f-4ef0-a801-a12eee5f8e5a",
  "active": true,
  "workflowTypeId": "e96badd7-05be-4978-b8d9-b3d733de70a5",
  "executesOn": "Submitted",
  "settings": {
    "Email": "CentennialResidence@studenthousing.com",
    "Subject": "the form Residence Information Request was submitted",
    "Message": "the form Residence Information Request was submitted, this is the list of values it contained, you can turn this email off under workflows in Umbraco Contour"
  },
  "sortOrder": 0
}