{
  "id": "4c1d82c1-aabe-4e24-8779-120edc4f455a",
  "name": "Send email to athletics@centennialcollege.ca when submitted",
  "form": "b70ba7ef-a1bb-41a7-9362-b43ca84c8b46",
  "active": true,
  "workflowTypeId": "7d86c6e1-5831-491d-b1e5-70520fbc75e2",
  "executesOn": "Submitted",
  "settings": {
    "Email": "athletics@centennialcollege.ca",
    "FromName": "Player Registration Form",
    "Message": "The Registration form was submitted.",
    "Subject": "Intercollegiate Player Registration Form",
    "XsltFile": "/media/14493/umbracoformxslt.xslt"
  },
  "sortOrder": 0
}