{
  "id": "5068c51f-ef9d-4a8a-9f34-7cc498ed3fd6",
  "name": "Send email to sage@centennialcollege.ca when submitted",
  "form": "b8d3a886-1cf8-4bd3-81ce-b65cb2ac052b",
  "active": true,
  "workflowTypeId": "e96badd7-05be-4978-b8d9-b3d733de70a5",
  "executesOn": "Submitted",
  "settings": {
    "Email": "sage@centennialcollege.ca",
    "Subject": "the form International Cafe was submitted",
    "Message": "the form International Cafe was submitted, this is the list of values it contained, you can turn this email off under workflows in Umbraco Contour"
  },
  "sortOrder": 0
}