{
  "id": "657b8838-9960-4da9-8b16-564e50890832",
  "name": "Send email to webupdates@centennialcollege.ca when submitted",
  "form": "6320b60c-5363-4b32-b2fc-753e47e0527e",
  "active": true,
  "workflowTypeId": "e96badd7-05be-4978-b8d9-b3d733de70a5",
  "executesOn": "Submitted",
  "settings": {
    "Email": "webupdates@centennialcollege.ca",
    "Subject": "the form test denise was submitted",
    "Message": "the form test denise was submitted, this is the list of values it contained, you can turn this email off under workflows in Umbraco Contour"
  },
  "sortOrder": 0
}