{
  "id": "6590c4de-7352-4abc-be31-49d53306da34",
  "name": "Send email to sage@centennialcollege.ca when submitted",
  "form": "2ae9ac93-b257-4776-bb16-2d539fde83cf",
  "active": true,
  "workflowTypeId": "e96badd7-05be-4978-b8d9-b3d733de70a5",
  "executesOn": "Submitted",
  "settings": {
    "Email": "sage@centennialcollege.ca",
    "Subject": "the form US Visa Information Session was submitted",
    "Message": "the form US Visa Information Session was submitted, this is the list of values it contained, you can turn this email off under workflows in Umbraco Contour"
  },
  "sortOrder": 0
}