{
  "id": "67b0123e-6364-4471-94f2-26fb1d1bccfb",
  "name": "Send email to mjoseph@centennialcollege.ca when submitted",
  "form": "6dd29c52-a93c-4934-b71c-7a381b3adb53",
  "active": true,
  "workflowTypeId": "e96badd7-05be-4978-b8d9-b3d733de70a5",
  "executesOn": "Submitted",
  "settings": {
    "Email": "mjoseph@centennialcollege.ca",
    "Subject": "the form SIE Partnership Application Form was submitted",
    "Message": "the form SIE Partnership Application Form was submitted, this is the list of values it contained, you can turn this email off under workflows in Umbraco Contour"
  },
  "sortOrder": 0
}