{
  "id": "68e7e04a-6094-4f3e-b38a-d32884599f2b",
  "name": "Send email to krodney@centennialcollege.ca when submitted",
  "form": "1488eb16-c260-498a-bbfb-97e5bdf57b6f",
  "active": true,
  "workflowTypeId": "e96badd7-05be-4978-b8d9-b3d733de70a5",
  "executesOn": "Submitted",
  "settings": {
    "Email": "krodney@centennialcollege.ca",
    "Subject": "the form Beyond the Rim Registration Form was submitted",
    "Message": "the form Beyond the Rim Registration Form was submitted, this is the list of values it contained, you can turn this email off under workflows in Umbraco Contour"
  },
  "sortOrder": 0
}