{
  "id": "6edef85a-2b48-450b-a081-db9c38ee392e",
  "name": "Send email to ijoaquin@centennialcollege.ca when submitted",
  "form": "697e19a2-6c1b-49f6-bdb7-fda160104379",
  "active": true,
  "workflowTypeId": "7d86c6e1-5831-491d-b1e5-70520fbc75e2",
  "executesOn": "Submitted",
  "settings": {
    "Email": "ijoaquin@centennialcollege.ca",
    "FromEmail": "{Email}",
    "FromName": "{FirstName}",
    "Message": "The form Apprenticeship Candidates was submitted, this is the list of values it contained.",
    "Subject": "The Apprenticeship Candidate Form was submitted",
    "XsltFile": "/media/14493/umbracoformxslt.xslt"
  },
  "sortOrder": 0
}