{
  "id": "71aadb3f-0075-45ea-bcee-14a7c9d66af3",
  "name": "Send email to asampson@centennialcollege.ca when submitted",
  "form": "6c6319de-313f-4bcb-b7df-3ce9ea5b8809",
  "active": true,
  "workflowTypeId": "7d86c6e1-5831-491d-b1e5-70520fbc75e2",
  "executesOn": "Submitted",
  "settings": {
    "Email": "asampson@centennialcollege.ca",
    "Message": "the form Call for Proposals Submission Form was submitted, this is the list of values it contained, you can turn this email off under workflows in Umbraco Contour",
    "Subject": "the form Call for Proposals Submission Form was submitted",
    "XsltFile": "/media/14493/umbracoformxslt.xslt"
  },
  "sortOrder": 0
}