{
  "id": "72b4dc2f-ab64-4ec4-9a71-3413622721af",
  "name": "Send email to webupdates@centennialcollege.ca when submitted",
  "form": "7023253c-da60-4d37-a2cb-404bad2ef20c",
  "active": true,
  "workflowTypeId": "e96badd7-05be-4978-b8d9-b3d733de70a5",
  "executesOn": "Submitted",
  "settings": {
    "Email": "webupdates@centennialcollege.ca",
    "Subject": "the form test was submitted",
    "Message": "the form test was submitted, this is the list of values it contained, you can turn this email off under workflows in Umbraco Contour"
  },
  "sortOrder": 0
}