{
  "id": "748828bc-9ab6-42b8-ae15-8728f9d20999",
  "name": "Send email to webupdates@centennialcollege.ca when submitted",
  "form": "1227f868-2c83-4b5f-9536-7b32a3491517",
  "active": true,
  "workflowTypeId": "7d86c6e1-5831-491d-b1e5-70520fbc75e2",
  "executesOn": "Submitted",
  "settings": {
    "Email": "webupdates@centennialcollege.ca",
    "Message": "the form Contest was submitted, this is the list of values it contained, you can turn this email off under workflows in Umbraco Contour",
    "Subject": "the form Contest was submitted",
    "XsltFile": "/media/14493/umbracoformxslt.xslt"
  },
  "sortOrder": 0
}