{
  "id": "7a9adcd4-b689-4a50-856f-dc8af26066c9",
  "name": "Send email to communitystudies@centennialcollege.ca when submitted",
  "form": "27970e1b-8582-41c2-b55d-eebbc64341f0",
  "active": true,
  "workflowTypeId": "7d86c6e1-5831-491d-b1e5-70520fbc75e2",
  "executesOn": "Submitted",
  "settings": {
    "Email": "communitystudies@centennialcollege.ca",
    "Message": "the form Course Outline was submitted, this is the list of values it contained, you can turn this email off under workflows in Umbraco Contour",
    "Subject": "Course Outline Request was submitted",
    "XsltFile": "/media/14493/umbracoformxslt.xslt"
  },
  "sortOrder": 0
}