{
  "id": "7ecc5ea8-dbc8-42ab-bb31-2dfcf93e9bce",
  "name": "Send email to mhastings@centennialcollege.ca when submitted",
  "form": "61c7b83d-321d-49c9-900b-7b994b41f840",
  "active": true,
  "workflowTypeId": "7d86c6e1-5831-491d-b1e5-70520fbc75e2",
  "executesOn": "Submitted",
  "settings": {
    "Email": "mhastings@centennialcollege.ca",
    "Message": "the form Engage Registration was submitted, this is the list of values it contained, you can turn this email off under workflows in Umbraco Contour",
    "Subject": "The form Engage Registration was submitted",
    "XsltFile": "/media/14493/umbracoformxslt.xslt"
  },
  "sortOrder": 0
}