{
  "id": "89daa56a-f7c7-4954-a398-6bdc253025a6",
  "name": "Send email to SCaskie@centennialcollege.ca when submitted",
  "form": "0c620b95-41d3-42ac-b558-f98aa93de51d",
  "active": true,
  "workflowTypeId": "e96badd7-05be-4978-b8d9-b3d733de70a5",
  "executesOn": "Submitted",
  "settings": {
    "Email": "SCaskie@centennialcollege.ca",
    "Subject": "the form SHTCA Event Registration was submitted",
    "Message": "the form SHTCA Event Registration was submitted, this is the list of values it contained, you can turn this email off under workflows in Umbraco Contour"
  },
  "sortOrder": 0
}