{
  "id": "90f9007c-deac-45fd-be6b-509639542039",
  "name": "Send email to webupdates@centennialcollege.ca when submitted",
  "form": "34d65e86-64f6-426d-b46c-bd202aa9f8e4",
  "active": true,
  "workflowTypeId": "e96badd7-05be-4978-b8d9-b3d733de70a5",
  "executesOn": "Submitted",
  "settings": {
    "Email": "webupdates@centennialcollege.ca",
    "Subject": "the form 2015 HYPE Application was submitted",
    "Message": "the form 2015 HYPE Application was submitted, this is the list of values it contained, you can turn this email off under workflows in Umbraco Contour"
  },
  "sortOrder": 0
}