{
  "id": "95c5e679-d725-4d36-bb2c-9655bb9342f1",
  "name": "Send email to lnewman@centennialcollege.ca when submitted",
  "form": "301f2832-3ea2-401f-ba66-203240c61914",
  "active": true,
  "workflowTypeId": "7d86c6e1-5831-491d-b1e5-70520fbc75e2",
  "executesOn": "Submitted",
  "settings": {
    "Email": "lnewman@centennialcollege.ca",
    "Message": "the form Leadership Passport Information Session was submitted, this is the list of values it contained, you can turn this email off under workflows in Umbraco Contour",
    "Subject": "the form Leadership Passport Information Session was submitted",
    "XsltFile": "/media/14493/umbracoformxslt.xslt"
  },
  "sortOrder": 0
}