{
  "id": "9859ce6b-a44d-4b64-bdec-65befbc2a020",
  "name": "Send email to mjoseph@centennialcollege.ca when submitted",
  "form": "138686ba-8f16-4a1d-ad92-abf9aa961272",
  "active": true,
  "workflowTypeId": "e96badd7-05be-4978-b8d9-b3d733de70a5",
  "executesOn": "Submitted",
  "settings": {
    "Email": "mjoseph@centennialcollege.ca",
    "Subject": "the form Services and Global Experience (SaGE) was submitted",
    "Message": "the form Services and Global Experience (SaGE) was submitted, this is the list of values it contained, you can turn this email off under workflows in Umbraco Contour"
  },
  "sortOrder": 0
}