{
  "id": "99bc3e86-5535-413e-a2e4-160bd6e130ed",
  "name": "Send email to lnewman@centennialcollege.ca when submitted",
  "form": "26745ec6-88b5-452d-beac-e9abc1108593",
  "active": true,
  "workflowTypeId": "7d86c6e1-5831-491d-b1e5-70520fbc75e2",
  "executesOn": "Submitted",
  "settings": {
    "Email": "lnewman@centennialcollege.ca",
    "Message": "the form Leadership Competencies and Reflective Practice was submitted, this is the list of values it contained, you can turn this email off under workflows in Umbraco Contour",
    "Subject": "the form Leadership Competencies and Reflective Practice was submitted",
    "XsltFile": "/media/14493/umbracoformxslt.xslt"
  },
  "sortOrder": 0
}