{
  "id": "9a3b464c-459d-4dd4-89a0-79273b25af0a",
  "name": "Send email to lnewman@centennialcollege.ca when submitted",
  "form": "2035a9b6-2e2c-478f-aef1-8e978c79286d",
  "active": true,
  "workflowTypeId": "7d86c6e1-5831-491d-b1e5-70520fbc75e2",
  "executesOn": "Submitted",
  "settings": {
    "Email": "lnewman@centennialcollege.ca",
    "Message": "the form Leadership Lunch and Learn Series was submitted, this is the list of values it contained, you can turn this email off under workflows in Umbraco Contour",
    "Subject": "the form Leadership Lunch and Learn Series was submitted",
    "XsltFile": "/media/14493/umbracoformxslt.xslt"
  },
  "sortOrder": 0
}