{
  "id": "9b6bac5d-b82b-410a-aa95-30acbc90ffb2",
  "name": "Send email to offsite@centennialcollege.ca when submitted",
  "form": "0b80050f-2948-408b-9148-d77ad4bee373",
  "active": true,
  "workflowTypeId": "7d86c6e1-5831-491d-b1e5-70520fbc75e2",
  "executesOn": "Submitted",
  "settings": {
    "Email": "offsite@centennialcollege.ca",
    "Message": "the form Remote Assessment Form was submitted, this is the list of values it contained, you can turn this email off under workflows in Umbraco Contour",
    "Subject": "the Remote Assessment Form was submitted",
    "XsltFile": "/media/14493/umbracoformxslt.xslt"
  },
  "sortOrder": 0
}