{
  "id": "9f43a145-45ec-4a1c-9924-3ff0c7560269",
  "name": "Send email to asampson@centennialcollege.ca when submitted",
  "form": "c53a3006-c436-41e9-8bf4-9493eb5fe7a1",
  "active": true,
  "workflowTypeId": "7d86c6e1-5831-491d-b1e5-70520fbc75e2",
  "executesOn": "Submitted",
  "settings": {
    "Email": "asampson@centennialcollege.ca",
    "Message": "the form External Aboriginal Conference Registration was submitted, this is the list of values it contained, you can turn this email off under workflows in Umbraco Contour",
    "Subject": "the form External Aboriginal Conference Registration was submitted",
    "XsltFile": "/media/14493/umbracoformxslt.xslt"
  },
  "sortOrder": 0
}