{
  "id": "b36e1350-1f58-443b-83bf-ad525bf9a991",
  "name": "Send email to cjardine@centennialcollege.ca when submitted",
  "form": "5f7c7a90-40c9-436c-bb4f-cf70255c3493",
  "active": true,
  "workflowTypeId": "7d86c6e1-5831-491d-b1e5-70520fbc75e2",
  "executesOn": "Submitted",
  "settings": {
    "Email": "cjardine@centennialcollege.ca",
    "Message": "the form  was submitted, this is the list of values it contained, you can turn this email off under workflows in Umbraco Contour",
    "Subject": "the form  was submitted",
    "XsltFile": "/media/14493/umbracoformxslt.xslt"
  },
  "sortOrder": 0
}