{
  "id": "b4ecf29b-203c-4fe3-adc3-cc5808c94a6e",
  "name": "Send email to sage@centennialcollege.ca when submitted",
  "form": "c50fa7a0-ee68-4c33-ae82-13aa05cd83a1",
  "active": true,
  "workflowTypeId": "e96badd7-05be-4978-b8d9-b3d733de70a5",
  "executesOn": "Submitted",
  "settings": {
    "Email": "sage@centennialcollege.ca",
    "Subject": "the form International Sports Day was submitted",
    "Message": "the form International Sports Day was submitted, this is the list of values it contained, you can turn this email off under workflows in Umbraco Contour"
  },
  "sortOrder": 0
}