{
  "id": "b61434d4-3748-48b1-9097-22530ccea5ac",
  "name": "Send email to ajanssen@centennialcollege.ca when submitted",
  "form": "708450b6-58bd-46ed-bd40-8c0aff2b3d89",
  "active": true,
  "workflowTypeId": "e96badd7-05be-4978-b8d9-b3d733de70a5",
  "executesOn": "Submitted",
  "settings": {
    "Email": "ajanssen@centennialcollege.ca",
    "Subject": "the form SIE Partnership Application Form was submitted",
    "Message": "the form SIE Partnership Application Form was submitted, this is the list of values it contained, you can turn this email off under workflows in Umbraco Contour"
  },
  "sortOrder": 0
}