{
  "id": "d1ffcaea-a407-499f-b194-11e9efb12304",
  "name": "Send email to lnewman@centennialcollege.ca when submitted",
  "form": "3db7c94d-0d4e-4395-8059-a1cf73757e3b",
  "active": true,
  "workflowTypeId": "7d86c6e1-5831-491d-b1e5-70520fbc75e2",
  "executesOn": "Submitted",
  "settings": {
    "Email": "lnewman@centennialcollege.ca",
    "Message": "the form Student Leadership Conference was submitted, this is the list of values it contained, you can turn this email off under workflows in Umbraco Contour",
    "Subject": "the form Student Leadership Conference was submitted",
    "XsltFile": "/media/14493/umbracoformxslt.xslt"
  },
  "sortOrder": 0
}