{
  "id": "d775b5b6-40a1-4cc2-a6d1-07e0cb346724",
  "name": "Send email to coopdocs@centennialcollege.ca when submitted",
  "form": "594aa000-d447-4cc4-aa12-6b70c1a17af6",
  "active": true,
  "workflowTypeId": "7d86c6e1-5831-491d-b1e5-70520fbc75e2",
  "executesOn": "Submitted",
  "settings": {
    "Email": "coopdocs@centennialcollege.ca",
    "Message": "the form Student Evaluation Report was submitted, this is the list of values it contained, you can turn this email off under workflows in Umbraco Contour",
    "Subject": "Student Evaluation Report",
    "XsltFile": "/media/14493/umbracoformxslt.xslt"
  },
  "sortOrder": 0
}