{
  "id": "df9feda8-fa9a-41bb-bff9-40b4c17a11d3",
  "name": "Send email to research@centennialcollege.ca when submitted",
  "form": "ed135119-21b3-4a5c-bda6-80aa1a8047db",
  "active": true,
  "workflowTypeId": "7d86c6e1-5831-491d-b1e5-70520fbc75e2",
  "executesOn": "Submitted",
  "settings": {
    "Email": "research@centennialcollege.ca",
    "Message": "the form ARIC Collaboration Request Form was submitted, this is the list of values it contained, you can turn this email off under workflows in Umbraco Contour",
    "Subject": "the form ARIC Collaboration Request Form was submitted",
    "XsltFile": "/media/14493/umbracoformxslt.xslt"
  },
  "sortOrder": 0
}