{
  "id": "e2ea4796-fa1d-4219-848a-3b113e5ba8bc",
  "name": "Send email to empsi@centennialcollege.ca when submitted",
  "form": "ec9e42aa-750e-4c6d-a60c-2abd15696ef5",
  "active": true,
  "workflowTypeId": "7d86c6e1-5831-491d-b1e5-70520fbc75e2",
  "executesOn": "Submitted",
  "settings": {
    "Email": "empsi@centennialcollege.ca",
    "Message": "the form EMPSI Nomination Form was submitted, this is the list of values it contained, you can turn this email off under workflows in Umbraco Contour",
    "Subject": "the form EMPSI Nomination Form was submitted",
    "XsltFile": "/media/14493/umbracoformxslt.xslt"
  },
  "sortOrder": 0
}