{
  "id": "e7911985-2ebd-40b3-95c9-0a65c070d67e",
  "name": "Send email to acartier@centennialcollege.ca when submitted",
  "form": "05c07dd6-7fa7-4e63-b6bc-b2fad3113277",
  "active": true,
  "workflowTypeId": "e96badd7-05be-4978-b8d9-b3d733de70a5",
  "executesOn": "Submitted",
  "settings": {
    "Email": "acartier@centennialcollege.ca",
    "Subject": "the form Retirement Planning Session Registration was submitted",
    "Message": "the form Retirement Planning Session Registration was submitted, this is the list of values it contained, you can turn this email off under workflows in Umbraco Contour"
  },
  "sortOrder": 0
}