{
  "id": "f545d578-844e-45dd-8060-91853256d2e6",
  "name": "Send email to leadershippassport@centennialcollege.ca when submitted",
  "form": "ca995a6e-f700-4aa3-baef-df57cff27198",
  "active": true,
  "workflowTypeId": "e96badd7-05be-4978-b8d9-b3d733de70a5",
  "executesOn": "Submitted",
  "settings": {
    "Email": "leadershippassport@centennialcollege.ca",
    "Subject": "the form Leadership Passport Registration Form was submitted",
    "Message": "the form Leadership Passport Registration Form was submitted, this is the list of values it contained, you can turn this email off under workflows in Umbraco Contour"
  },
  "sortOrder": 0
}