{
  "name": "Retirement Planning Session Registration",
  "created": "2016-02-18T13:23:26.2571086-05:00",
  "pages": [
    {
      "fieldSets": [
        {
          "caption": null,
          "sortOrder": 0,
          "id": "2cc030a5-2e3e-4c6b-8f83-ebc90908eb08",
          "page": "00000000-0000-0000-0000-000000000000",
          "containers": [
            {
              "caption": null,
              "width": 12,
              "fields": [
                {
                  "caption": "Select the session you would like to attend",
                  "tooltip": "Please note, Session 2 is full",
                  "placeholder": null,
                  "cssClass": null,
                  "alias": "selectTheSessionYouWouldLikeToAttend",
                  "id": "3319e121-8851-4ae1-cfa9-744532563ed7",
                  "fieldTypeId": "903df9b0-a78c-11de-9fc1-db7a56d89593",
                  "prevalueSourceId": "00000000-0000-0000-0000-000000000000",
                  "dataSourceFieldKey": null,
                  "mandatory": true,
                  "regex": null,
                  "requiredErrorMessage": "Please select which session you would like to attend",
                  "invalidErrorMessage": null,
                  "condition": null,
                  "settings": {
                    "DefaultValue": ""
                  },
                  "preValues": [
                    "Session 1"
                  ]
                },
                {
                  "caption": "First Name",
                  "tooltip": null,
                  "placeholder": null,
                  "cssClass": null,
                  "alias": "firstName",
                  "id": "e129282c-7a93-40c2-931a-b9e3feed087e",
                  "fieldTypeId": "3f92e01b-29e2-4a30-bf33-9df5580ed52c",
                  "prevalueSourceId": "00000000-0000-0000-0000-000000000000",
                  "dataSourceFieldKey": null,
                  "mandatory": false,
                  "regex": null,
                  "requiredErrorMessage": null,
                  "invalidErrorMessage": null,
                  "condition": null,
                  "settings": {
                    "DefaultValue": ""
                  },
                  "preValues": []
                },
                {
                  "caption": "Last Name",
                  "tooltip": null,
                  "placeholder": null,
                  "cssClass": null,
                  "alias": "lastName",
                  "id": "a3b34eca-406a-49a8-fac7-0b7ac43da740",
                  "fieldTypeId": "3f92e01b-29e2-4a30-bf33-9df5580ed52c",
                  "prevalueSourceId": "00000000-0000-0000-0000-000000000000",
                  "dataSourceFieldKey": null,
                  "mandatory": false,
                  "regex": null,
                  "requiredErrorMessage": null,
                  "invalidErrorMessage": null,
                  "condition": null,
                  "settings": {
                    "DefaultValue": ""
                  },
                  "preValues": []
                },
                {
                  "caption": "Employee ID",
                  "tooltip": null,
                  "placeholder": null,
                  "cssClass": null,
                  "alias": "employeeID",
                  "id": "5c1e5892-cdf4-4c78-8145-79a3082ec6b2",
                  "fieldTypeId": "3f92e01b-29e2-4a30-bf33-9df5580ed52c",
                  "prevalueSourceId": "00000000-0000-0000-0000-000000000000",
                  "dataSourceFieldKey": null,
                  "mandatory": false,
                  "regex": null,
                  "requiredErrorMessage": null,
                  "invalidErrorMessage": null,
                  "condition": null,
                  "settings": {
                    "DefaultValue": ""
                  },
                  "preValues": []
                },
                {
                  "caption": "Email Address",
                  "tooltip": null,
                  "placeholder": null,
                  "cssClass": null,
                  "alias": "emailAddress",
                  "id": "a3d665dd-3abe-4e40-a03c-0ad7ff4da836",
                  "fieldTypeId": "3f92e01b-29e2-4a30-bf33-9df5580ed52c",
                  "prevalueSourceId": "00000000-0000-0000-0000-000000000000",
                  "dataSourceFieldKey": null,
                  "mandatory": false,
                  "regex": null,
                  "requiredErrorMessage": null,
                  "invalidErrorMessage": null,
                  "condition": null,
                  "settings": {
                    "DefaultValue": ""
                  },
                  "preValues": []
                },
                {
                  "caption": "Are there any additional topics you would like addressed during this or subsequent presentations?",
                  "tooltip": null,
                  "placeholder": null,
                  "cssClass": null,
                  "alias": "areThereAnyAdditionalTopicsYouWouldLikeAddressedDuringThisOrSubsequentPresentations",
                  "id": "4f0cb15f-7aee-4152-f414-8c4e3a6e6079",
                  "fieldTypeId": "023f09ac-1445-4bcb-b8fa-ab49f33bd046",
                  "prevalueSourceId": "00000000-0000-0000-0000-000000000000",
                  "dataSourceFieldKey": null,
                  "mandatory": false,
                  "regex": null,
                  "requiredErrorMessage": null,
                  "invalidErrorMessage": null,
                  "condition": null,
                  "settings": {
                    "DefaultValue": ""
                  },
                  "preValues": []
                },
                {
                  "caption": "Consent",
                  "tooltip": null,
                  "placeholder": null,
                  "cssClass": null,
                  "alias": "consent",
                  "id": "2331823a-aebc-470f-c277-fb32767e41ce",
                  "fieldTypeId": "fab43f20-a6bf-11de-a28f-9b5755d89593",
                  "prevalueSourceId": "00000000-0000-0000-0000-000000000000",
                  "dataSourceFieldKey": null,
                  "mandatory": true,
                  "regex": null,
                  "requiredErrorMessage": "Please provide consent for receiving electronic messages from Centennial College.",
                  "invalidErrorMessage": null,
                  "condition": null,
                  "settings": {
                    "DefaultValue": ""
                  },
                  "preValues": [
                    "I would like to receive electronic messages from Centennial College"
                  ]
                }
              ]
            }
          ],
          "condition": null
        }
      ],
      "caption": null,
      "sortOrder": 0,
      "id": "00000000-0000-0000-0000-000000000000",
      "form": "00000000-0000-0000-0000-000000000000"
    }
  ],
  "id": "05c07dd6-7fa7-4e63-b6bc-b2fad3113277",
  "fieldIndicationType": "MarkMandatoryFields",
  "indicator": "*",
  "showValidationSummary": false,
  "hideFieldValidation": false,
  "requiredErrorMessage": "Please provide a value for {0}",
  "invalidErrorMessage": "Please provide a valid value for {0}",
  "messageOnSubmit": "Thank you",
  "goToPageOnSubmit": 51971,
  "xPathOnSubmit": null,
  "manualApproval": false,
  "storeRecordsLocally": true,
  "cssClass": null,
  "disableDefaultStylesheet": false,
  "useClientDependency": false,
  "workflows": [
    "e7911985-2ebd-40b3-95c9-0a65c070d67e"
  ],
  "datasource": null,
  "submitLabel": "Submit",
  "nextLabel": "Next",
  "prevLabel": "Previous"
}