{
  "name": "SHTCA Event Registration",
  "created": "2016-02-18T14:46:20.2222105-05:00",
  "pages": [
    {
      "fieldSets": [
        {
          "caption": null,
          "sortOrder": 0,
          "id": "47ac35bb-ee7a-421d-bcb5-29a140ad51aa",
          "page": "00000000-0000-0000-0000-000000000000",
          "containers": [
            {
              "caption": null,
              "width": 12,
              "fields": [
                {
                  "caption": "First Name",
                  "tooltip": null,
                  "placeholder": null,
                  "cssClass": null,
                  "alias": "firstName",
                  "id": "c304deb3-9e19-4e2b-d97e-ce9e056e7671",
                  "fieldTypeId": "3f92e01b-29e2-4a30-bf33-9df5580ed52c",
                  "prevalueSourceId": "00000000-0000-0000-0000-000000000000",
                  "dataSourceFieldKey": null,
                  "mandatory": true,
                  "regex": null,
                  "requiredErrorMessage": "Please provide your First Name.",
                  "invalidErrorMessage": null,
                  "condition": null,
                  "settings": {
                    "DefaultValue": ""
                  },
                  "preValues": []
                },
                {
                  "caption": "Last Name",
                  "tooltip": null,
                  "placeholder": null,
                  "cssClass": null,
                  "alias": "lastName",
                  "id": "e0f6dcaf-9765-4cf0-9d84-c3135e629124",
                  "fieldTypeId": "3f92e01b-29e2-4a30-bf33-9df5580ed52c",
                  "prevalueSourceId": "00000000-0000-0000-0000-000000000000",
                  "dataSourceFieldKey": null,
                  "mandatory": true,
                  "regex": null,
                  "requiredErrorMessage": "Please provide your Last Name.",
                  "invalidErrorMessage": null,
                  "condition": null,
                  "settings": {
                    "DefaultValue": ""
                  },
                  "preValues": []
                },
                {
                  "caption": "Email Address",
                  "tooltip": null,
                  "placeholder": null,
                  "cssClass": null,
                  "alias": "emailAddress",
                  "id": "04a5b5ad-e664-49ec-a223-0fc07b9cc6c2",
                  "fieldTypeId": "3f92e01b-29e2-4a30-bf33-9df5580ed52c",
                  "prevalueSourceId": "00000000-0000-0000-0000-000000000000",
                  "dataSourceFieldKey": null,
                  "mandatory": true,
                  "regex": null,
                  "requiredErrorMessage": "Please provide your Email Address.",
                  "invalidErrorMessage": null,
                  "condition": null,
                  "settings": {
                    "DefaultValue": ""
                  },
                  "preValues": []
                },
                {
                  "caption": "Street Address",
                  "tooltip": null,
                  "placeholder": null,
                  "cssClass": null,
                  "alias": "streetAddress",
                  "id": "f3a06e9e-de75-40f0-f4b1-5a8c53020ca0",
                  "fieldTypeId": "3f92e01b-29e2-4a30-bf33-9df5580ed52c",
                  "prevalueSourceId": "00000000-0000-0000-0000-000000000000",
                  "dataSourceFieldKey": null,
                  "mandatory": false,
                  "regex": null,
                  "requiredErrorMessage": null,
                  "invalidErrorMessage": null,
                  "condition": null,
                  "settings": {
                    "DefaultValue": ""
                  },
                  "preValues": []
                },
                {
                  "caption": "City",
                  "tooltip": null,
                  "placeholder": null,
                  "cssClass": null,
                  "alias": "city",
                  "id": "f68af960-b4b8-42c2-dbc3-3c681baf67f1",
                  "fieldTypeId": "3f92e01b-29e2-4a30-bf33-9df5580ed52c",
                  "prevalueSourceId": "00000000-0000-0000-0000-000000000000",
                  "dataSourceFieldKey": null,
                  "mandatory": false,
                  "regex": null,
                  "requiredErrorMessage": null,
                  "invalidErrorMessage": null,
                  "condition": null,
                  "settings": {
                    "DefaultValue": ""
                  },
                  "preValues": []
                },
                {
                  "caption": "Province",
                  "tooltip": null,
                  "placeholder": null,
                  "cssClass": null,
                  "alias": "province",
                  "id": "8f891fc4-ae4c-4bbb-f93a-ad16423b0a49",
                  "fieldTypeId": "3f92e01b-29e2-4a30-bf33-9df5580ed52c",
                  "prevalueSourceId": "00000000-0000-0000-0000-000000000000",
                  "dataSourceFieldKey": null,
                  "mandatory": false,
                  "regex": null,
                  "requiredErrorMessage": null,
                  "invalidErrorMessage": null,
                  "condition": null,
                  "settings": {
                    "DefaultValue": ""
                  },
                  "preValues": []
                },
                {
                  "caption": "Postal Code",
                  "tooltip": null,
                  "placeholder": null,
                  "cssClass": null,
                  "alias": "postalCode",
                  "id": "00ace945-0afe-4a2c-fe5b-4ad9743b6681",
                  "fieldTypeId": "3f92e01b-29e2-4a30-bf33-9df5580ed52c",
                  "prevalueSourceId": "00000000-0000-0000-0000-000000000000",
                  "dataSourceFieldKey": null,
                  "mandatory": false,
                  "regex": null,
                  "requiredErrorMessage": null,
                  "invalidErrorMessage": null,
                  "condition": null,
                  "settings": {
                    "DefaultValue": ""
                  },
                  "preValues": []
                },
                {
                  "caption": "Home Phone Number",
                  "tooltip": null,
                  "placeholder": null,
                  "cssClass": null,
                  "alias": "homePhoneNumber",
                  "id": "4cfc6f0b-6827-4482-ae53-c95c8c8bba30",
                  "fieldTypeId": "3f92e01b-29e2-4a30-bf33-9df5580ed52c",
                  "prevalueSourceId": "00000000-0000-0000-0000-000000000000",
                  "dataSourceFieldKey": null,
                  "mandatory": false,
                  "regex": null,
                  "requiredErrorMessage": null,
                  "invalidErrorMessage": null,
                  "condition": null,
                  "settings": {
                    "DefaultValue": ""
                  },
                  "preValues": []
                },
                {
                  "caption": "Cell Phone Number",
                  "tooltip": null,
                  "placeholder": null,
                  "cssClass": null,
                  "alias": "cellPhoneNumber",
                  "id": "9095eaed-c7c6-4306-b68c-7aee9d6c5a95",
                  "fieldTypeId": "3f92e01b-29e2-4a30-bf33-9df5580ed52c",
                  "prevalueSourceId": "00000000-0000-0000-0000-000000000000",
                  "dataSourceFieldKey": null,
                  "mandatory": false,
                  "regex": null,
                  "requiredErrorMessage": null,
                  "invalidErrorMessage": null,
                  "condition": null,
                  "settings": {
                    "DefaultValue": ""
                  },
                  "preValues": []
                },
                {
                  "caption": "Programs of Interest",
                  "tooltip": null,
                  "placeholder": null,
                  "cssClass": null,
                  "alias": "programsOfInterest",
                  "id": "39feb94d-5340-4be2-89e4-5c5335793994",
                  "fieldTypeId": "fab43f20-a6bf-11de-a28f-9b5755d89593",
                  "prevalueSourceId": "00000000-0000-0000-0000-000000000000",
                  "dataSourceFieldKey": null,
                  "mandatory": false,
                  "regex": null,
                  "requiredErrorMessage": null,
                  "invalidErrorMessage": null,
                  "condition": null,
                  "settings": {
                    "DefaultValue": ""
                  },
                  "preValues": [
                    "Baking and Pastry Arts Management",
                    "Baking - Pre-Employment",
                    "Culinary Management",
                    "Culinary Skills - Chef Training",
                    "Hospitality - Hotel Operations Management",
                    "Food and Beverage Management",
                    "Hospitality and Tourism Administration",
                    "Hotel, Resort and Restaurant Management",
                    "Hospitality Foundations",
                    "Hospitality Services",
                    "Tourism - Travel Services Management",
                    "Event Management"
                  ]
                },
                {
                  "caption": "Consent",
                  "tooltip": null,
                  "placeholder": null,
                  "cssClass": null,
                  "alias": "consent",
                  "id": "054c4908-0407-4170-ca8c-425c3339663d",
                  "fieldTypeId": "fab43f20-a6bf-11de-a28f-9b5755d89593",
                  "prevalueSourceId": "00000000-0000-0000-0000-000000000000",
                  "dataSourceFieldKey": null,
                  "mandatory": true,
                  "regex": null,
                  "requiredErrorMessage": "Please provide consent for receiving electronic messages from Centennial College.",
                  "invalidErrorMessage": null,
                  "condition": null,
                  "settings": {
                    "DefaultValue": ""
                  },
                  "preValues": [
                    "I would like to receive electronic messages from Centennial College"
                  ]
                }
              ]
            }
          ],
          "condition": null
        }
      ],
      "caption": null,
      "sortOrder": 0,
      "id": "00000000-0000-0000-0000-000000000000",
      "form": "00000000-0000-0000-0000-000000000000"
    }
  ],
  "id": "0c620b95-41d3-42ac-b558-f98aa93de51d",
  "fieldIndicationType": "MarkMandatoryFields",
  "indicator": "*",
  "showValidationSummary": false,
  "hideFieldValidation": false,
  "requiredErrorMessage": "Please provide a value for {0}",
  "invalidErrorMessage": "Please provide a valid value for {0}",
  "messageOnSubmit": "Thank you",
  "goToPageOnSubmit": 0,
  "xPathOnSubmit": null,
  "manualApproval": false,
  "storeRecordsLocally": true,
  "cssClass": null,
  "disableDefaultStylesheet": false,
  "useClientDependency": false,
  "workflows": [
    "89daa56a-f7c7-4954-a398-6bdc253025a6"
  ],
  "datasource": null,
  "submitLabel": "Submit",
  "nextLabel": "Next",
  "prevLabel": "Previous"
}