{
  "name": "Contest",
  "created": "2015-08-14T11:44:53.791732-04:00",
  "pages": [
    {
      "fieldSets": [
        {
          "caption": null,
          "sortOrder": 0,
          "id": "5d4c14f9-6903-4705-af32-7652eadfb9a1",
          "page": "00000000-0000-0000-0000-000000000000",
          "containers": [
            {
              "caption": null,
              "width": 12,
              "fields": [
                {
                  "caption": "Student Number",
                  "tooltip": null,
                  "placeholder": null,
                  "cssClass": null,
                  "alias": "studentNumber",
                  "id": "10164cbf-655c-4b38-9720-e37a2d516190",
                  "fieldTypeId": "3f92e01b-29e2-4a30-bf33-9df5580ed52c",
                  "prevalueSourceId": "00000000-0000-0000-0000-000000000000",
                  "dataSourceFieldKey": null,
                  "mandatory": true,
                  "regex": null,
                  "requiredErrorMessage": null,
                  "invalidErrorMessage": null,
                  "condition": null,
                  "settings": {
                    "DefaultValue": ""
                  },
                  "preValues": []
                },
                {
                  "caption": "Student Name",
                  "tooltip": null,
                  "placeholder": null,
                  "cssClass": null,
                  "alias": "studentName",
                  "id": "f56ea677-7cb1-4957-ba4d-92d24a28cee4",
                  "fieldTypeId": "3f92e01b-29e2-4a30-bf33-9df5580ed52c",
                  "prevalueSourceId": "00000000-0000-0000-0000-000000000000",
                  "dataSourceFieldKey": null,
                  "mandatory": true,
                  "regex": null,
                  "requiredErrorMessage": null,
                  "invalidErrorMessage": null,
                  "condition": null,
                  "settings": {
                    "DefaultValue": ""
                  },
                  "preValues": []
                },
                {
                  "caption": "Student Last Name",
                  "tooltip": null,
                  "placeholder": null,
                  "cssClass": null,
                  "alias": "studentLastName",
                  "id": "34b9b6b0-43c2-4b8c-a175-db81e52bcb01",
                  "fieldTypeId": "3f92e01b-29e2-4a30-bf33-9df5580ed52c",
                  "prevalueSourceId": "00000000-0000-0000-0000-000000000000",
                  "dataSourceFieldKey": null,
                  "mandatory": true,
                  "regex": null,
                  "requiredErrorMessage": null,
                  "invalidErrorMessage": null,
                  "condition": null,
                  "settings": {
                    "DefaultValue": ""
                  },
                  "preValues": []
                },
                {
                  "caption": "Address",
                  "tooltip": null,
                  "placeholder": null,
                  "cssClass": null,
                  "alias": "address",
                  "id": "872b1701-7b00-4109-f901-46d35608133f",
                  "fieldTypeId": "3f92e01b-29e2-4a30-bf33-9df5580ed52c",
                  "prevalueSourceId": "00000000-0000-0000-0000-000000000000",
                  "dataSourceFieldKey": null,
                  "mandatory": true,
                  "regex": null,
                  "requiredErrorMessage": null,
                  "invalidErrorMessage": null,
                  "condition": null,
                  "settings": {
                    "DefaultValue": ""
                  },
                  "preValues": []
                },
                {
                  "caption": "Email",
                  "tooltip": null,
                  "placeholder": null,
                  "cssClass": null,
                  "alias": "email",
                  "id": "cf0e1aeb-14d2-4756-9140-bd011eb4035e",
                  "fieldTypeId": "3f92e01b-29e2-4a30-bf33-9df5580ed52c",
                  "prevalueSourceId": "00000000-0000-0000-0000-000000000000",
                  "dataSourceFieldKey": null,
                  "mandatory": true,
                  "regex": null,
                  "requiredErrorMessage": null,
                  "invalidErrorMessage": null,
                  "condition": null,
                  "settings": {
                    "DefaultValue": ""
                  },
                  "preValues": []
                },
                {
                  "caption": "Program Name",
                  "tooltip": null,
                  "placeholder": null,
                  "cssClass": null,
                  "alias": "programName",
                  "id": "5c8a863a-17f5-4671-9317-9c565b7dc3ef",
                  "fieldTypeId": "3f92e01b-29e2-4a30-bf33-9df5580ed52c",
                  "prevalueSourceId": "00000000-0000-0000-0000-000000000000",
                  "dataSourceFieldKey": null,
                  "mandatory": true,
                  "regex": null,
                  "requiredErrorMessage": null,
                  "invalidErrorMessage": null,
                  "condition": null,
                  "settings": {
                    "DefaultValue": ""
                  },
                  "preValues": []
                },
                {
                  "caption": "Message",
                  "tooltip": null,
                  "placeholder": null,
                  "cssClass": null,
                  "alias": "message",
                  "id": "3cef7f8c-2f49-4dbd-dca3-989d615204ca",
                  "fieldTypeId": "023f09ac-1445-4bcb-b8fa-ab49f33bd046",
                  "prevalueSourceId": "00000000-0000-0000-0000-000000000000",
                  "dataSourceFieldKey": null,
                  "mandatory": true,
                  "regex": null,
                  "requiredErrorMessage": null,
                  "invalidErrorMessage": null,
                  "condition": null,
                  "settings": {
                    "DefaultValue": ""
                  },
                  "preValues": []
                },
                {
                  "caption": "Text field",
                  "tooltip": null,
                  "placeholder": null,
                  "cssClass": null,
                  "alias": "textField",
                  "id": "16ba7c49-c2d3-47c0-8b8e-f39963ea4d44",
                  "fieldTypeId": "e3fbf6c4-f46c-495e-aff8-4b3c227b4a98",
                  "prevalueSourceId": "00000000-0000-0000-0000-000000000000",
                  "dataSourceFieldKey": null,
                  "mandatory": false,
                  "regex": null,
                  "requiredErrorMessage": null,
                  "invalidErrorMessage": null,
                  "condition": null,
                  "settings": {
                    "Caption": "Rules",
                    "BodyText": "he/she has read and understood these official rules and regulations, grants all consents required and authorizes the Contest Sponsor to broadcast, publish and disseminate his/her name, city of residence, photograph, likeness, sobriquet and voice, in connection with any promotion or publicity, and/or for general news, entertainment and information purposes at no additional compensation to the potential winner, beyond the awarding of or participation in the Prize, he/she accepts the Prize as offered and releases the Contest Sponsor from any and all liability of any kind arising out of the potential winner participation in this Contest, and as related to receipt and use of the Prize. Centennial College will not reproduce, publicize and/or broadcast any personal information for marketing or promotional purposes in order to maintain and respect all entrants’ privacy. Any personal information that is provided to Centennial College will be on a voluntary basis. The misuse of any personal information is strictly prohibited"
                  },
                  "preValues": []
                },
                {
                  "caption": "Consent",
                  "tooltip": "I would like to receive electronic messages from Centennial College",
                  "placeholder": null,
                  "cssClass": null,
                  "alias": "consent",
                  "id": "e5a810f1-def8-43d3-c2a3-45966c5f9888",
                  "fieldTypeId": "d5c0c390-ae9a-11de-a69e-666455d89593",
                  "prevalueSourceId": "00000000-0000-0000-0000-000000000000",
                  "dataSourceFieldKey": null,
                  "mandatory": true,
                  "regex": null,
                  "requiredErrorMessage": null,
                  "invalidErrorMessage": null,
                  "condition": null,
                  "settings": {
                    "DefaultValue": ""
                  },
                  "preValues": []
                }
              ]
            }
          ],
          "condition": null
        }
      ],
      "caption": "Contest",
      "sortOrder": 0,
      "id": "00000000-0000-0000-0000-000000000000",
      "form": "00000000-0000-0000-0000-000000000000"
    }
  ],
  "id": "1227f868-2c83-4b5f-9536-7b32a3491517",
  "fieldIndicationType": "MarkMandatoryFields",
  "indicator": "*",
  "showValidationSummary": false,
  "hideFieldValidation": false,
  "requiredErrorMessage": "Please provide a value for {0}",
  "invalidErrorMessage": "Please provide a valid value for {0}",
  "messageOnSubmit": "Thank you",
  "goToPageOnSubmit": 51971,
  "xPathOnSubmit": null,
  "manualApproval": false,
  "storeRecordsLocally": true,
  "cssClass": null,
  "disableDefaultStylesheet": false,
  "useClientDependency": false,
  "workflows": [
    "748828bc-9ab6-42b8-ae15-8728f9d20999"
  ],
  "datasource": null,
  "submitLabel": "Submit",
  "nextLabel": "Next",
  "prevLabel": "Previous"
}