{
  "name": "Services and Global Experience (SaGE)",
  "created": "2015-11-19T14:27:08.1905888-05:00",
  "pages": [
    {
      "fieldSets": [
        {
          "caption": null,
          "sortOrder": 0,
          "id": "671a4362-e7b3-4182-95a1-c7feb4083bab",
          "page": "00000000-0000-0000-0000-000000000000",
          "containers": [
            {
              "caption": null,
              "width": 12,
              "fields": [
                {
                  "caption": "Text field",
                  "tooltip": null,
                  "placeholder": null,
                  "cssClass": null,
                  "alias": "textField",
                  "id": "af5f9ef4-1cda-4907-97a3-ae15b272308b",
                  "fieldTypeId": "e3fbf6c4-f46c-495e-aff8-4b3c227b4a98",
                  "prevalueSourceId": "00000000-0000-0000-0000-000000000000",
                  "dataSourceFieldKey": null,
                  "mandatory": false,
                  "regex": null,
                  "requiredErrorMessage": null,
                  "invalidErrorMessage": null,
                  "condition": null,
                  "settings": {
                    "Caption": "Personal Information",
                    "BodyText": "Incomplete application will not be considered."
                  },
                  "preValues": []
                },
                {
                  "caption": "First name",
                  "tooltip": null,
                  "placeholder": null,
                  "cssClass": null,
                  "alias": "firstName",
                  "id": "fa5b7d3e-fb64-4258-ff24-1bca5aef19b5",
                  "fieldTypeId": "3f92e01b-29e2-4a30-bf33-9df5580ed52c",
                  "prevalueSourceId": "00000000-0000-0000-0000-000000000000",
                  "dataSourceFieldKey": null,
                  "mandatory": true,
                  "regex": null,
                  "requiredErrorMessage": "",
                  "invalidErrorMessage": null,
                  "condition": null,
                  "settings": {
                    "DefaultValue": ""
                  },
                  "preValues": []
                },
                {
                  "caption": "Middle name",
                  "tooltip": null,
                  "placeholder": null,
                  "cssClass": null,
                  "alias": "middleName",
                  "id": "6ef67110-8118-41cd-c9b9-fdfe5c947c7f",
                  "fieldTypeId": "3f92e01b-29e2-4a30-bf33-9df5580ed52c",
                  "prevalueSourceId": "00000000-0000-0000-0000-000000000000",
                  "dataSourceFieldKey": null,
                  "mandatory": true,
                  "regex": null,
                  "requiredErrorMessage": null,
                  "invalidErrorMessage": null,
                  "condition": null,
                  "settings": {
                    "DefaultValue": ""
                  },
                  "preValues": []
                },
                {
                  "caption": "Last name",
                  "tooltip": null,
                  "placeholder": null,
                  "cssClass": null,
                  "alias": "lastName",
                  "id": "4a2931a4-65b3-48a9-a400-f25dd1435e2c",
                  "fieldTypeId": "3f92e01b-29e2-4a30-bf33-9df5580ed52c",
                  "prevalueSourceId": "00000000-0000-0000-0000-000000000000",
                  "dataSourceFieldKey": null,
                  "mandatory": true,
                  "regex": null,
                  "requiredErrorMessage": null,
                  "invalidErrorMessage": null,
                  "condition": null,
                  "settings": {
                    "DefaultValue": ""
                  },
                  "preValues": []
                },
                {
                  "caption": "Date of birth",
                  "tooltip": null,
                  "placeholder": null,
                  "cssClass": null,
                  "alias": "dateOfBirth",
                  "id": "6a44f849-6f8c-48b5-8a0c-b8eafd517858",
                  "fieldTypeId": "f8b4c3b8-af28-11de-9dd8-ef5956d89593",
                  "prevalueSourceId": "00000000-0000-0000-0000-000000000000",
                  "dataSourceFieldKey": null,
                  "mandatory": true,
                  "regex": null,
                  "requiredErrorMessage": null,
                  "invalidErrorMessage": null,
                  "condition": null,
                  "settings": {},
                  "preValues": []
                },
                {
                  "caption": "Gender",
                  "tooltip": null,
                  "placeholder": null,
                  "cssClass": null,
                  "alias": "gender",
                  "id": "430b8fce-e65b-4898-ecf3-7c5a19b35b9f",
                  "fieldTypeId": "fab43f20-a6bf-11de-a28f-9b5755d89593",
                  "prevalueSourceId": "00000000-0000-0000-0000-000000000000",
                  "dataSourceFieldKey": null,
                  "mandatory": false,
                  "regex": null,
                  "requiredErrorMessage": null,
                  "invalidErrorMessage": null,
                  "condition": null,
                  "settings": {
                    "DefaultValue": ""
                  },
                  "preValues": [
                    "Male",
                    "Female",
                    "Prefer not to identify"
                  ]
                },
                {
                  "caption": "Mailing address",
                  "tooltip": "Please include: address, city, province and postal code",
                  "placeholder": null,
                  "cssClass": null,
                  "alias": "mailingAddress",
                  "id": "c66a741f-4bc2-4e3d-a45a-002d16d9f2bb",
                  "fieldTypeId": "3f92e01b-29e2-4a30-bf33-9df5580ed52c",
                  "prevalueSourceId": "00000000-0000-0000-0000-000000000000",
                  "dataSourceFieldKey": null,
                  "mandatory": true,
                  "regex": null,
                  "requiredErrorMessage": null,
                  "invalidErrorMessage": null,
                  "condition": null,
                  "settings": {
                    "DefaultValue": ""
                  },
                  "preValues": []
                },
                {
                  "caption": "Home phone number",
                  "tooltip": null,
                  "placeholder": null,
                  "cssClass": null,
                  "alias": "homePhoneNumber",
                  "id": "9e054ed4-23f7-47fa-ba10-d6a41ae7e958",
                  "fieldTypeId": "3f92e01b-29e2-4a30-bf33-9df5580ed52c",
                  "prevalueSourceId": "00000000-0000-0000-0000-000000000000",
                  "dataSourceFieldKey": null,
                  "mandatory": false,
                  "regex": null,
                  "requiredErrorMessage": null,
                  "invalidErrorMessage": null,
                  "condition": null,
                  "settings": {
                    "DefaultValue": ""
                  },
                  "preValues": []
                },
                {
                  "caption": "Cell phone number",
                  "tooltip": null,
                  "placeholder": null,
                  "cssClass": null,
                  "alias": "cellPhoneNumber",
                  "id": "4a97ebdf-2368-4c0f-a225-9ef33fd98e46",
                  "fieldTypeId": "3f92e01b-29e2-4a30-bf33-9df5580ed52c",
                  "prevalueSourceId": "00000000-0000-0000-0000-000000000000",
                  "dataSourceFieldKey": null,
                  "mandatory": true,
                  "regex": null,
                  "requiredErrorMessage": null,
                  "invalidErrorMessage": null,
                  "condition": null,
                  "settings": {
                    "DefaultValue": ""
                  },
                  "preValues": []
                },
                {
                  "caption": "Status in Canada",
                  "tooltip": null,
                  "placeholder": null,
                  "cssClass": null,
                  "alias": "statusInCanada",
                  "id": "35d99f8a-8a1d-4411-a535-90243a35cf16",
                  "fieldTypeId": "fab43f20-a6bf-11de-a28f-9b5755d89593",
                  "prevalueSourceId": "00000000-0000-0000-0000-000000000000",
                  "dataSourceFieldKey": null,
                  "mandatory": true,
                  "regex": null,
                  "requiredErrorMessage": null,
                  "invalidErrorMessage": null,
                  "condition": null,
                  "settings": {
                    "DefaultValue": ""
                  },
                  "preValues": [
                    "Citizen",
                    "International Student",
                    "Permanent Resident",
                    "Other"
                  ]
                },
                {
                  "caption": "Country of Citizenship",
                  "tooltip": null,
                  "placeholder": null,
                  "cssClass": null,
                  "alias": "countryOfCitizenship",
                  "id": "1bd58ce7-7937-4862-fbf4-43b7ec4204c6",
                  "fieldTypeId": "3f92e01b-29e2-4a30-bf33-9df5580ed52c",
                  "prevalueSourceId": "00000000-0000-0000-0000-000000000000",
                  "dataSourceFieldKey": null,
                  "mandatory": true,
                  "regex": null,
                  "requiredErrorMessage": null,
                  "invalidErrorMessage": null,
                  "condition": null,
                  "settings": {
                    "DefaultValue": ""
                  },
                  "preValues": []
                },
                {
                  "caption": "Text field",
                  "tooltip": null,
                  "placeholder": null,
                  "cssClass": null,
                  "alias": "textField",
                  "id": "4075edb4-6d35-4098-88b3-cb0aeeb1c3db",
                  "fieldTypeId": "e3fbf6c4-f46c-495e-aff8-4b3c227b4a98",
                  "prevalueSourceId": "00000000-0000-0000-0000-000000000000",
                  "dataSourceFieldKey": null,
                  "mandatory": false,
                  "regex": null,
                  "requiredErrorMessage": null,
                  "invalidErrorMessage": null,
                  "condition": null,
                  "settings": {
                    "Caption": "Current Academic Information",
                    "BodyText": ""
                  },
                  "preValues": []
                },
                {
                  "caption": "Status at Centennial College",
                  "tooltip": null,
                  "placeholder": null,
                  "cssClass": null,
                  "alias": "statusAtCentennialCollege",
                  "id": "4174b0dc-34a2-4f75-ef62-71cff44b19b8",
                  "fieldTypeId": "fab43f20-a6bf-11de-a28f-9b5755d89593",
                  "prevalueSourceId": "00000000-0000-0000-0000-000000000000",
                  "dataSourceFieldKey": null,
                  "mandatory": true,
                  "regex": null,
                  "requiredErrorMessage": null,
                  "invalidErrorMessage": null,
                  "condition": null,
                  "settings": {
                    "DefaultValue": ""
                  },
                  "preValues": [
                    "Full-time",
                    "Part-time",
                    "Second Carrer"
                  ]
                },
                {
                  "caption": "If other please specify",
                  "tooltip": null,
                  "placeholder": null,
                  "cssClass": null,
                  "alias": "ifOtherPleaseSpecify",
                  "id": "8a00595a-36a9-4141-88b8-c861938d1f21",
                  "fieldTypeId": "3f92e01b-29e2-4a30-bf33-9df5580ed52c",
                  "prevalueSourceId": "00000000-0000-0000-0000-000000000000",
                  "dataSourceFieldKey": null,
                  "mandatory": false,
                  "regex": null,
                  "requiredErrorMessage": null,
                  "invalidErrorMessage": null,
                  "condition": null,
                  "settings": {
                    "DefaultValue": ""
                  },
                  "preValues": []
                },
                {
                  "caption": "Student Number",
                  "tooltip": null,
                  "placeholder": null,
                  "cssClass": null,
                  "alias": "studentNumber",
                  "id": "13744dda-ca26-4aec-99da-7621206f03b5",
                  "fieldTypeId": "3f92e01b-29e2-4a30-bf33-9df5580ed52c",
                  "prevalueSourceId": "00000000-0000-0000-0000-000000000000",
                  "dataSourceFieldKey": null,
                  "mandatory": false,
                  "regex": null,
                  "requiredErrorMessage": null,
                  "invalidErrorMessage": null,
                  "condition": null,
                  "settings": {
                    "DefaultValue": ""
                  },
                  "preValues": []
                },
                {
                  "caption": "Current Semester",
                  "tooltip": "example: Semester two - Winter 2016",
                  "placeholder": null,
                  "cssClass": null,
                  "alias": "currentSemester",
                  "id": "4d8c831e-e2ec-4413-81fd-00501056d655",
                  "fieldTypeId": "3f92e01b-29e2-4a30-bf33-9df5580ed52c",
                  "prevalueSourceId": "00000000-0000-0000-0000-000000000000",
                  "dataSourceFieldKey": null,
                  "mandatory": true,
                  "regex": null,
                  "requiredErrorMessage": null,
                  "invalidErrorMessage": null,
                  "condition": null,
                  "settings": {
                    "DefaultValue": ""
                  },
                  "preValues": []
                },
                {
                  "caption": "Expected Graduation Date",
                  "tooltip": null,
                  "placeholder": null,
                  "cssClass": null,
                  "alias": "expectedGraduationDate",
                  "id": "7a7e2d9d-2d4c-4a99-fbb5-d6f0dfc76d61",
                  "fieldTypeId": "f8b4c3b8-af28-11de-9dd8-ef5956d89593",
                  "prevalueSourceId": "00000000-0000-0000-0000-000000000000",
                  "dataSourceFieldKey": null,
                  "mandatory": true,
                  "regex": null,
                  "requiredErrorMessage": null,
                  "invalidErrorMessage": null,
                  "condition": null,
                  "settings": {},
                  "preValues": []
                },
                {
                  "caption": "Current Program",
                  "tooltip": null,
                  "placeholder": null,
                  "cssClass": null,
                  "alias": "currentProgram",
                  "id": "fe5d641c-220b-4284-fc43-a79ae945dcd6",
                  "fieldTypeId": "3f92e01b-29e2-4a30-bf33-9df5580ed52c",
                  "prevalueSourceId": "00000000-0000-0000-0000-000000000000",
                  "dataSourceFieldKey": null,
                  "mandatory": false,
                  "regex": null,
                  "requiredErrorMessage": null,
                  "invalidErrorMessage": null,
                  "condition": null,
                  "settings": {
                    "DefaultValue": ""
                  },
                  "preValues": []
                },
                {
                  "caption": "Current GPA",
                  "tooltip": null,
                  "placeholder": null,
                  "cssClass": null,
                  "alias": "currentGpa",
                  "id": "8babfe00-4474-4f6f-bef9-c9e78952f2c0",
                  "fieldTypeId": "3f92e01b-29e2-4a30-bf33-9df5580ed52c",
                  "prevalueSourceId": "00000000-0000-0000-0000-000000000000",
                  "dataSourceFieldKey": null,
                  "mandatory": false,
                  "regex": null,
                  "requiredErrorMessage": null,
                  "invalidErrorMessage": null,
                  "condition": null,
                  "settings": {
                    "DefaultValue": ""
                  },
                  "preValues": []
                },
                {
                  "caption": "Text field",
                  "tooltip": null,
                  "placeholder": null,
                  "cssClass": null,
                  "alias": "textField",
                  "id": "405f562a-7cf9-4fc8-9cb0-7d8b8171dd14",
                  "fieldTypeId": "e3fbf6c4-f46c-495e-aff8-4b3c227b4a98",
                  "prevalueSourceId": "00000000-0000-0000-0000-000000000000",
                  "dataSourceFieldKey": null,
                  "mandatory": false,
                  "regex": null,
                  "requiredErrorMessage": null,
                  "invalidErrorMessage": null,
                  "condition": null,
                  "settings": {
                    "Caption": "GCELE Program",
                    "BodyText": "Please select your top 3 choices in order of preference"
                  },
                  "preValues": []
                },
                {
                  "caption": "First choice",
                  "tooltip": null,
                  "placeholder": null,
                  "cssClass": null,
                  "alias": "firstChoice",
                  "id": "6ae7192a-bf7a-477f-abb9-0d6b11cc05eb",
                  "fieldTypeId": "3f92e01b-29e2-4a30-bf33-9df5580ed52c",
                  "prevalueSourceId": "00000000-0000-0000-0000-000000000000",
                  "dataSourceFieldKey": null,
                  "mandatory": false,
                  "regex": null,
                  "requiredErrorMessage": null,
                  "invalidErrorMessage": null,
                  "condition": null,
                  "settings": {
                    "DefaultValue": ""
                  },
                  "preValues": []
                },
                {
                  "caption": "Second choice",
                  "tooltip": null,
                  "placeholder": null,
                  "cssClass": null,
                  "alias": "secondChoice",
                  "id": "c563ca72-9e8b-4094-893a-571649d10d6b",
                  "fieldTypeId": "3f92e01b-29e2-4a30-bf33-9df5580ed52c",
                  "prevalueSourceId": "00000000-0000-0000-0000-000000000000",
                  "dataSourceFieldKey": null,
                  "mandatory": false,
                  "regex": null,
                  "requiredErrorMessage": null,
                  "invalidErrorMessage": null,
                  "condition": null,
                  "settings": {
                    "DefaultValue": ""
                  },
                  "preValues": []
                },
                {
                  "caption": "Third choice",
                  "tooltip": null,
                  "placeholder": null,
                  "cssClass": null,
                  "alias": "thirdChoice",
                  "id": "1ab87ab2-96ad-48f7-cc45-1c700663a5e4",
                  "fieldTypeId": "3f92e01b-29e2-4a30-bf33-9df5580ed52c",
                  "prevalueSourceId": "00000000-0000-0000-0000-000000000000",
                  "dataSourceFieldKey": null,
                  "mandatory": false,
                  "regex": null,
                  "requiredErrorMessage": null,
                  "invalidErrorMessage": null,
                  "condition": null,
                  "settings": {
                    "DefaultValue": ""
                  },
                  "preValues": []
                }
              ]
            }
          ],
          "condition": null
        }
      ],
      "caption": "GCELE Application Form",
      "sortOrder": 0,
      "id": "00000000-0000-0000-0000-000000000000",
      "form": "00000000-0000-0000-0000-000000000000"
    }
  ],
  "id": "138686ba-8f16-4a1d-ad92-abf9aa961272",
  "fieldIndicationType": "MarkMandatoryFields",
  "indicator": "*",
  "showValidationSummary": false,
  "hideFieldValidation": false,
  "requiredErrorMessage": "Please provide a value for {0}",
  "invalidErrorMessage": "Please provide a valid value for {0}",
  "messageOnSubmit": "Thank you",
  "goToPageOnSubmit": 0,
  "xPathOnSubmit": null,
  "manualApproval": false,
  "storeRecordsLocally": true,
  "cssClass": null,
  "disableDefaultStylesheet": false,
  "useClientDependency": false,
  "workflows": [
    "9859ce6b-a44d-4b64-bdec-65befbc2a020"
  ],
  "datasource": null,
  "submitLabel": "Submit",
  "nextLabel": "Next",
  "prevLabel": "Previous"
}