{
  "name": "Beyond the Rim Registration Form",
  "created": "2016-02-09T12:17:30.7725197-05:00",
  "pages": [
    {
      "fieldSets": [
        {
          "caption": null,
          "sortOrder": 0,
          "id": "f7bec149-776f-44b1-be3f-a7663a084928",
          "page": "00000000-0000-0000-0000-000000000000",
          "containers": [
            {
              "caption": null,
              "width": 12,
              "fields": [
                {
                  "caption": "Child's First and Last Name",
                  "tooltip": "If you have more than one child attending the program, please enter their names here",
                  "placeholder": null,
                  "cssClass": null,
                  "alias": "childSFirstAndLastName",
                  "id": "04761642-0af8-45ff-9537-05038f5fb14d",
                  "fieldTypeId": "023f09ac-1445-4bcb-b8fa-ab49f33bd046",
                  "prevalueSourceId": "00000000-0000-0000-0000-000000000000",
                  "dataSourceFieldKey": null,
                  "mandatory": true,
                  "regex": null,
                  "requiredErrorMessage": "Please enter the Child's first and last names.",
                  "invalidErrorMessage": null,
                  "condition": null,
                  "settings": {
                    "DefaultValue": ""
                  },
                  "preValues": []
                },
                {
                  "caption": "Parent or Guardian's First and Last Name",
                  "tooltip": null,
                  "placeholder": null,
                  "cssClass": null,
                  "alias": "parentOrGuardianSFirstAndLastName",
                  "id": "034412c9-282f-4e07-8ebf-56331c8e6a2c",
                  "fieldTypeId": "3f92e01b-29e2-4a30-bf33-9df5580ed52c",
                  "prevalueSourceId": "00000000-0000-0000-0000-000000000000",
                  "dataSourceFieldKey": null,
                  "mandatory": true,
                  "regex": null,
                  "requiredErrorMessage": "Please enter a Parent or Guardian's first and last name.",
                  "invalidErrorMessage": null,
                  "condition": null,
                  "settings": {
                    "DefaultValue": ""
                  },
                  "preValues": []
                },
                {
                  "caption": "Parent or Guardian's Home or Cell Number",
                  "tooltip": "Please indicate if this is your Home or Cell Number in the space provided",
                  "placeholder": null,
                  "cssClass": null,
                  "alias": "parentOrGuardianSHomeOrCellNumber",
                  "id": "c36f3bc4-fa04-44cd-c271-ed2a670f05a2",
                  "fieldTypeId": "3f92e01b-29e2-4a30-bf33-9df5580ed52c",
                  "prevalueSourceId": "00000000-0000-0000-0000-000000000000",
                  "dataSourceFieldKey": null,
                  "mandatory": true,
                  "regex": null,
                  "requiredErrorMessage": "Please enter a Parent or Guardian's home or cell number.",
                  "invalidErrorMessage": null,
                  "condition": null,
                  "settings": {
                    "DefaultValue": ""
                  },
                  "preValues": []
                },
                {
                  "caption": "Second Parent or Guardian's First and Last Name",
                  "tooltip": null,
                  "placeholder": null,
                  "cssClass": null,
                  "alias": "secondParentOrGuardianSFirstAndLastName",
                  "id": "2769b653-30a7-4071-b552-138323982548",
                  "fieldTypeId": "3f92e01b-29e2-4a30-bf33-9df5580ed52c",
                  "prevalueSourceId": "00000000-0000-0000-0000-000000000000",
                  "dataSourceFieldKey": null,
                  "mandatory": false,
                  "regex": null,
                  "requiredErrorMessage": null,
                  "invalidErrorMessage": null,
                  "condition": null,
                  "settings": {
                    "DefaultValue": ""
                  },
                  "preValues": []
                },
                {
                  "caption": "Second Parent or Guardian's Home or Cell Number",
                  "tooltip": null,
                  "placeholder": null,
                  "cssClass": null,
                  "alias": "secondParentOrGuardianSHomeOrCellNumber",
                  "id": "d7ed4fbb-7b29-4fc2-b5b3-c3df4d25ee70",
                  "fieldTypeId": "3f92e01b-29e2-4a30-bf33-9df5580ed52c",
                  "prevalueSourceId": "00000000-0000-0000-0000-000000000000",
                  "dataSourceFieldKey": null,
                  "mandatory": false,
                  "regex": null,
                  "requiredErrorMessage": null,
                  "invalidErrorMessage": null,
                  "condition": null,
                  "settings": {
                    "DefaultValue": ""
                  },
                  "preValues": []
                },
                {
                  "caption": "Address",
                  "tooltip": null,
                  "placeholder": null,
                  "cssClass": null,
                  "alias": "address",
                  "id": "5f99d0ed-b185-4778-d0eb-b3a706e50e29",
                  "fieldTypeId": "023f09ac-1445-4bcb-b8fa-ab49f33bd046",
                  "prevalueSourceId": "00000000-0000-0000-0000-000000000000",
                  "dataSourceFieldKey": null,
                  "mandatory": false,
                  "regex": null,
                  "requiredErrorMessage": null,
                  "invalidErrorMessage": null,
                  "condition": null,
                  "settings": {
                    "DefaultValue": ""
                  },
                  "preValues": []
                },
                {
                  "caption": "If you have provided a cell phone number, please indicate if we can text you information or text you if we need to reach you",
                  "tooltip": null,
                  "placeholder": null,
                  "cssClass": null,
                  "alias": "ifYouHaveProvidedACellPhoneNumberPleaseIndicateIfWeCanTextYouInformationOrTextYouIfWeNeedToReachYou",
                  "id": "c395aa3f-d374-450f-9c52-4333ed1ae68e",
                  "fieldTypeId": "903df9b0-a78c-11de-9fc1-db7a56d89593",
                  "prevalueSourceId": "00000000-0000-0000-0000-000000000000",
                  "dataSourceFieldKey": null,
                  "mandatory": false,
                  "regex": null,
                  "requiredErrorMessage": null,
                  "invalidErrorMessage": null,
                  "condition": null,
                  "settings": {
                    "DefaultValue": ""
                  },
                  "preValues": [
                    "Yes",
                    "No"
                  ]
                },
                {
                  "caption": "Parent or Guardian's Email Address",
                  "tooltip": null,
                  "placeholder": null,
                  "cssClass": null,
                  "alias": "parentOrGuardianSEmailAddress",
                  "id": "0a9383bb-ec5e-4036-a709-71b50d85a1cd",
                  "fieldTypeId": "3f92e01b-29e2-4a30-bf33-9df5580ed52c",
                  "prevalueSourceId": "00000000-0000-0000-0000-000000000000",
                  "dataSourceFieldKey": null,
                  "mandatory": true,
                  "regex": null,
                  "requiredErrorMessage": "Please enter a Parent or Guardian's email address",
                  "invalidErrorMessage": null,
                  "condition": null,
                  "settings": {
                    "DefaultValue": ""
                  },
                  "preValues": []
                },
                {
                  "caption": "Primary Emergency Contact",
                  "tooltip": "Please include name, address, phone number and email. Must be different than parent or guardian.",
                  "placeholder": null,
                  "cssClass": null,
                  "alias": "primaryEmergencyContact",
                  "id": "0b0aa3f9-94b7-4f24-e0e9-f4951284bb78",
                  "fieldTypeId": "023f09ac-1445-4bcb-b8fa-ab49f33bd046",
                  "prevalueSourceId": "00000000-0000-0000-0000-000000000000",
                  "dataSourceFieldKey": null,
                  "mandatory": true,
                  "regex": null,
                  "requiredErrorMessage": "Please enter an Emergency Contact.",
                  "invalidErrorMessage": null,
                  "condition": null,
                  "settings": {
                    "DefaultValue": ""
                  },
                  "preValues": []
                },
                {
                  "caption": "Health card information of Child or Children",
                  "tooltip": "In case of an emergency and the child has to be taken to the hospital",
                  "placeholder": null,
                  "cssClass": null,
                  "alias": "healthCardInformationOfChildOrChildren",
                  "id": "f737551b-f6de-41b8-e317-9f4d01cb28e5",
                  "fieldTypeId": "023f09ac-1445-4bcb-b8fa-ab49f33bd046",
                  "prevalueSourceId": "00000000-0000-0000-0000-000000000000",
                  "dataSourceFieldKey": null,
                  "mandatory": true,
                  "regex": null,
                  "requiredErrorMessage": "Please enter a Child or Children's health card information.",
                  "invalidErrorMessage": null,
                  "condition": null,
                  "settings": {
                    "DefaultValue": ""
                  },
                  "preValues": []
                },
                {
                  "caption": "Food Allergies",
                  "tooltip": "Does your child have any food allergies?",
                  "placeholder": null,
                  "cssClass": null,
                  "alias": "foodAllergies",
                  "id": "4ced3e6d-bd29-4248-c713-ff43ed598429",
                  "fieldTypeId": "903df9b0-a78c-11de-9fc1-db7a56d89593",
                  "prevalueSourceId": "00000000-0000-0000-0000-000000000000",
                  "dataSourceFieldKey": null,
                  "mandatory": false,
                  "regex": null,
                  "requiredErrorMessage": null,
                  "invalidErrorMessage": null,
                  "condition": null,
                  "settings": {
                    "DefaultValue": ""
                  },
                  "preValues": [
                    "Yes",
                    "No"
                  ]
                },
                {
                  "caption": "If you answered \"Yes\" to Food Allergies, please list what your child is allergic to",
                  "tooltip": null,
                  "placeholder": null,
                  "cssClass": null,
                  "alias": "ifYouAnsweredYesToFoodAllergiesPleaseListWhatYourChildIsAllergicTo",
                  "id": "6f7e57f3-dc5d-4099-f170-67129f542c0a",
                  "fieldTypeId": "023f09ac-1445-4bcb-b8fa-ab49f33bd046",
                  "prevalueSourceId": "00000000-0000-0000-0000-000000000000",
                  "dataSourceFieldKey": null,
                  "mandatory": false,
                  "regex": null,
                  "requiredErrorMessage": null,
                  "invalidErrorMessage": null,
                  "condition": null,
                  "settings": {
                    "DefaultValue": ""
                  },
                  "preValues": []
                },
                {
                  "caption": "Name of Child or Children's School",
                  "tooltip": null,
                  "placeholder": null,
                  "cssClass": null,
                  "alias": "nameOfChildOrChildrenSSchool",
                  "id": "f6ff5aa7-ae1d-4078-dabb-27eee197d543",
                  "fieldTypeId": "3f92e01b-29e2-4a30-bf33-9df5580ed52c",
                  "prevalueSourceId": "00000000-0000-0000-0000-000000000000",
                  "dataSourceFieldKey": null,
                  "mandatory": true,
                  "regex": null,
                  "requiredErrorMessage": "Please enter the Child or Children's School.",
                  "invalidErrorMessage": null,
                  "condition": null,
                  "settings": {
                    "DefaultValue": ""
                  },
                  "preValues": []
                },
                {
                  "caption": "Child or Children's Age",
                  "tooltip": "If you have more than one child please indicate the child's name and their age beside their name",
                  "placeholder": null,
                  "cssClass": null,
                  "alias": "childOrChildrenSAge",
                  "id": "ee066f28-d017-466b-f337-5b57286c7e8e",
                  "fieldTypeId": "3f92e01b-29e2-4a30-bf33-9df5580ed52c",
                  "prevalueSourceId": "00000000-0000-0000-0000-000000000000",
                  "dataSourceFieldKey": null,
                  "mandatory": true,
                  "regex": null,
                  "requiredErrorMessage": "Please enter the Child or Children's age.",
                  "invalidErrorMessage": null,
                  "condition": null,
                  "settings": {
                    "DefaultValue": ""
                  },
                  "preValues": []
                },
                {
                  "caption": "Has the Child or Children been a part of the Beyond the Rim program before?",
                  "tooltip": null,
                  "placeholder": null,
                  "cssClass": null,
                  "alias": "hasTheChildOrChildrenBeenPartOfTheBeyondTheRimProgramBefore",
                  "id": "579ef999-2c08-4047-d70a-978398f0f8a5",
                  "fieldTypeId": "903df9b0-a78c-11de-9fc1-db7a56d89593",
                  "prevalueSourceId": "00000000-0000-0000-0000-000000000000",
                  "dataSourceFieldKey": null,
                  "mandatory": true,
                  "regex": null,
                  "requiredErrorMessage": "Please answer if your Child or Children have been a part of the Beyond the Rim program before.",
                  "invalidErrorMessage": null,
                  "condition": null,
                  "settings": {
                    "DefaultValue": ""
                  },
                  "preValues": [
                    "Yes",
                    "No"
                  ]
                },
                {
                  "caption": "If you answered \"No\" to \"Has the Child or Children been part of the Beyond the Rim program before,\" please indicate how you heard about the program",
                  "tooltip": null,
                  "placeholder": null,
                  "cssClass": null,
                  "alias": "ifYouAnsweredNoToHasTheChildOrChildrenBeenPartOfTheBeyondTheRimProgramBeforePleaseIndicateHowYouHeardAboutTheProgram",
                  "id": "03d453cf-dc51-4748-9132-b1a359ac0f7b",
                  "fieldTypeId": "023f09ac-1445-4bcb-b8fa-ab49f33bd046",
                  "prevalueSourceId": "00000000-0000-0000-0000-000000000000",
                  "dataSourceFieldKey": null,
                  "mandatory": false,
                  "regex": null,
                  "requiredErrorMessage": null,
                  "invalidErrorMessage": null,
                  "condition": null,
                  "settings": {
                    "DefaultValue": ""
                  },
                  "preValues": []
                },
                {
                  "caption": "Video and Photo Release",
                  "tooltip": "I give permission for my child or children's image to be photographed or video taped while participating in Beyond the Rim activities and for the resulting images and video to be used by Beyond the Rim, MLSE and Enactus for future promotional uses.",
                  "placeholder": null,
                  "cssClass": null,
                  "alias": "videoAndPhotoRelease",
                  "id": "e9d4b9fd-d27e-4749-a970-14fec3e3496f",
                  "fieldTypeId": "903df9b0-a78c-11de-9fc1-db7a56d89593",
                  "prevalueSourceId": "00000000-0000-0000-0000-000000000000",
                  "dataSourceFieldKey": null,
                  "mandatory": true,
                  "regex": null,
                  "requiredErrorMessage": "Please provide an answer for Video and Photo Release.",
                  "invalidErrorMessage": null,
                  "condition": null,
                  "settings": {
                    "DefaultValue": ""
                  },
                  "preValues": [
                    "Yes",
                    "No"
                  ]
                },
                {
                  "caption": "Consent",
                  "tooltip": null,
                  "placeholder": null,
                  "cssClass": null,
                  "alias": "consent",
                  "id": "1909417e-15f5-4f69-9044-239385f315ce",
                  "fieldTypeId": "fab43f20-a6bf-11de-a28f-9b5755d89593",
                  "prevalueSourceId": "00000000-0000-0000-0000-000000000000",
                  "dataSourceFieldKey": null,
                  "mandatory": true,
                  "regex": null,
                  "requiredErrorMessage": "Please provide consent for receiving electronic messages from Centennial College.",
                  "invalidErrorMessage": null,
                  "condition": null,
                  "settings": {
                    "DefaultValue": ""
                  },
                  "preValues": [
                    "I would like to receive electronic messages from Centennial College"
                  ]
                }
              ]
            }
          ],
          "condition": null
        }
      ],
      "caption": null,
      "sortOrder": 0,
      "id": "00000000-0000-0000-0000-000000000000",
      "form": "00000000-0000-0000-0000-000000000000"
    }
  ],
  "id": "1488eb16-c260-498a-bbfb-97e5bdf57b6f",
  "fieldIndicationType": "MarkMandatoryFields",
  "indicator": "*",
  "showValidationSummary": false,
  "hideFieldValidation": false,
  "requiredErrorMessage": "Please provide a value for {0}",
  "invalidErrorMessage": "Please provide a valid value for {0}",
  "messageOnSubmit": "Thank you",
  "goToPageOnSubmit": 0,
  "xPathOnSubmit": null,
  "manualApproval": false,
  "storeRecordsLocally": true,
  "cssClass": null,
  "disableDefaultStylesheet": false,
  "useClientDependency": false,
  "workflows": [
    "68e7e04a-6094-4f3e-b38a-d32884599f2b"
  ],
  "datasource": null,
  "submitLabel": "Submit",
  "nextLabel": "Next",
  "prevLabel": "Previous"
}