{
  "name": "Student Leadership Conference",
  "created": "2015-08-14T16:32:17.1411078-04:00",
  "pages": [
    {
      "fieldSets": [
        {
          "caption": null,
          "sortOrder": 0,
          "id": "a0697fc7-0ea0-418e-ba85-01d59e1cfb57",
          "page": "00000000-0000-0000-0000-000000000000",
          "containers": [
            {
              "caption": null,
              "width": 12,
              "fields": [
                {
                  "caption": "First Name",
                  "tooltip": null,
                  "placeholder": null,
                  "cssClass": null,
                  "alias": "firstName",
                  "id": "2dd76757-0b28-4933-a026-c5d81e1f8730",
                  "fieldTypeId": "3f92e01b-29e2-4a30-bf33-9df5580ed52c",
                  "prevalueSourceId": "00000000-0000-0000-0000-000000000000",
                  "dataSourceFieldKey": null,
                  "mandatory": true,
                  "regex": null,
                  "requiredErrorMessage": null,
                  "invalidErrorMessage": null,
                  "condition": null,
                  "settings": {
                    "DefaultValue": ""
                  },
                  "preValues": []
                },
                {
                  "caption": "Last Name",
                  "tooltip": null,
                  "placeholder": null,
                  "cssClass": null,
                  "alias": "lastName",
                  "id": "149078f3-7ef5-498b-ab1a-76ba2744253a",
                  "fieldTypeId": "3f92e01b-29e2-4a30-bf33-9df5580ed52c",
                  "prevalueSourceId": "00000000-0000-0000-0000-000000000000",
                  "dataSourceFieldKey": null,
                  "mandatory": true,
                  "regex": null,
                  "requiredErrorMessage": null,
                  "invalidErrorMessage": null,
                  "condition": null,
                  "settings": {
                    "DefaultValue": ""
                  },
                  "preValues": []
                },
                {
                  "caption": "Student Number",
                  "tooltip": null,
                  "placeholder": null,
                  "cssClass": null,
                  "alias": "studentNumber",
                  "id": "39884589-d80b-4f9c-e0d7-be2d19893a3d",
                  "fieldTypeId": "3f92e01b-29e2-4a30-bf33-9df5580ed52c",
                  "prevalueSourceId": "00000000-0000-0000-0000-000000000000",
                  "dataSourceFieldKey": null,
                  "mandatory": true,
                  "regex": null,
                  "requiredErrorMessage": null,
                  "invalidErrorMessage": null,
                  "condition": null,
                  "settings": {
                    "DefaultValue": ""
                  },
                  "preValues": []
                },
                {
                  "caption": "Email",
                  "tooltip": null,
                  "placeholder": null,
                  "cssClass": null,
                  "alias": "email",
                  "id": "497b55a5-2a23-43c0-d950-5b0324ecb8ce",
                  "fieldTypeId": "3f92e01b-29e2-4a30-bf33-9df5580ed52c",
                  "prevalueSourceId": "00000000-0000-0000-0000-000000000000",
                  "dataSourceFieldKey": null,
                  "mandatory": true,
                  "regex": null,
                  "requiredErrorMessage": null,
                  "invalidErrorMessage": null,
                  "condition": null,
                  "settings": {
                    "DefaultValue": ""
                  },
                  "preValues": []
                },
                {
                  "caption": "Program",
                  "tooltip": null,
                  "placeholder": null,
                  "cssClass": null,
                  "alias": "program",
                  "id": "93482b2a-7ab1-463e-e1ac-50148e5c1a71",
                  "fieldTypeId": "3f92e01b-29e2-4a30-bf33-9df5580ed52c",
                  "prevalueSourceId": "00000000-0000-0000-0000-000000000000",
                  "dataSourceFieldKey": null,
                  "mandatory": true,
                  "regex": null,
                  "requiredErrorMessage": null,
                  "invalidErrorMessage": null,
                  "condition": null,
                  "settings": {
                    "DefaultValue": ""
                  },
                  "preValues": []
                }
              ]
            }
          ],
          "condition": null
        }
      ],
      "caption": null,
      "sortOrder": 0,
      "id": "00000000-0000-0000-0000-000000000000",
      "form": "00000000-0000-0000-0000-000000000000"
    }
  ],
  "id": "3db7c94d-0d4e-4395-8059-a1cf73757e3b",
  "fieldIndicationType": "MarkMandatoryFields",
  "indicator": "*",
  "showValidationSummary": false,
  "hideFieldValidation": false,
  "requiredErrorMessage": "Please provide a value for {0}",
  "invalidErrorMessage": "Please provide a valid value for {0}",
  "messageOnSubmit": "Thank you",
  "goToPageOnSubmit": 51971,
  "xPathOnSubmit": null,
  "manualApproval": false,
  "storeRecordsLocally": true,
  "cssClass": null,
  "disableDefaultStylesheet": false,
  "useClientDependency": false,
  "workflows": [
    "d1ffcaea-a407-499f-b194-11e9efb12304"
  ],
  "datasource": null,
  "submitLabel": "Submit",
  "nextLabel": "Next",
  "prevLabel": "Previous"
}