{
  "name": "Student Evaluation Report",
  "created": "2015-08-14T16:58:06.7271073-04:00",
  "pages": [
    {
      "fieldSets": [
        {
          "caption": null,
          "sortOrder": 0,
          "id": "7c51553c-ddbe-4b8b-98da-a2dd332f2cbc",
          "page": "00000000-0000-0000-0000-000000000000",
          "containers": [
            {
              "caption": null,
              "width": 12,
              "fields": [
                {
                  "caption": "Consent",
                  "tooltip": null,
                  "placeholder": null,
                  "cssClass": null,
                  "alias": "checkboxPolicyField",
                  "id": "dbb8427a-ec4f-4f53-b2d9-079e2fd0bb96",
                  "fieldTypeId": "fab43f20-a6bf-11de-a28f-9b5755d89593",
                  "prevalueSourceId": "00000000-0000-0000-0000-000000000000",
                  "dataSourceFieldKey": null,
                  "mandatory": true,
                  "regex": null,
                  "requiredErrorMessage": "Please provide consent for Centennial College to contact you to continue",
                  "invalidErrorMessage": null,
                  "condition": null,
                  "settings": {
                    "DefaultValue": ""
                  },
                  "preValues": [
                    "I would like to receive electronic messages from Centennial College"
                  ]
                },
                {
                  "caption": "Work Term",
                  "tooltip": null,
                  "placeholder": null,
                  "cssClass": null,
                  "alias": "workTerm",
                  "id": "d2b4464d-7bdc-4974-b36a-db7712ccad68",
                  "fieldTypeId": "0dd29d42-a6a5-11de-a2f2-222256d89593",
                  "prevalueSourceId": "00000000-0000-0000-0000-000000000000",
                  "dataSourceFieldKey": null,
                  "mandatory": false,
                  "regex": null,
                  "requiredErrorMessage": null,
                  "invalidErrorMessage": null,
                  "condition": null,
                  "settings": {
                    "DefaultValue": ""
                  },
                  "preValues": [
                    "1",
                    "2",
                    "3"
                  ]
                },
                {
                  "caption": "Semester",
                  "tooltip": null,
                  "placeholder": null,
                  "cssClass": null,
                  "alias": "semester",
                  "id": "d25bdfd0-fbf7-474b-d6ac-9ca2ac10ad14",
                  "fieldTypeId": "fab43f20-a6bf-11de-a28f-9b5755d89593",
                  "prevalueSourceId": "00000000-0000-0000-0000-000000000000",
                  "dataSourceFieldKey": null,
                  "mandatory": false,
                  "regex": null,
                  "requiredErrorMessage": null,
                  "invalidErrorMessage": null,
                  "condition": null,
                  "settings": {
                    "DefaultValue": ""
                  },
                  "preValues": [
                    "January - April",
                    "May - August",
                    "September - December"
                  ]
                },
                {
                  "caption": "Work Year",
                  "tooltip": null,
                  "placeholder": null,
                  "cssClass": null,
                  "alias": "workYear",
                  "id": "44fef33b-a084-4d80-e435-573a43571362",
                  "fieldTypeId": "0dd29d42-a6a5-11de-a2f2-222256d89593",
                  "prevalueSourceId": "00000000-0000-0000-0000-000000000000",
                  "dataSourceFieldKey": null,
                  "mandatory": false,
                  "regex": null,
                  "requiredErrorMessage": null,
                  "invalidErrorMessage": null,
                  "condition": null,
                  "settings": {
                    "DefaultValue": ""
                  },
                  "preValues": [
                    "2013",
                    "2014",
                    "2015",
                    "2016",
                    "2017",
                    "2018",
                    "2019",
                    "2020"
                  ]
                },
                {
                  "caption": "Employer",
                  "tooltip": null,
                  "placeholder": null,
                  "cssClass": null,
                  "alias": "employer",
                  "id": "786d2b87-9bf8-48bc-9a11-2c14bdec0f7e",
                  "fieldTypeId": "3f92e01b-29e2-4a30-bf33-9df5580ed52c",
                  "prevalueSourceId": "00000000-0000-0000-0000-000000000000",
                  "dataSourceFieldKey": null,
                  "mandatory": false,
                  "regex": null,
                  "requiredErrorMessage": null,
                  "invalidErrorMessage": null,
                  "condition": null,
                  "settings": {
                    "DefaultValue": ""
                  },
                  "preValues": []
                },
                {
                  "caption": "Contact",
                  "tooltip": null,
                  "placeholder": null,
                  "cssClass": null,
                  "alias": "contact",
                  "id": "f0b6240f-4a19-4bb8-960e-e8e65d7adaff",
                  "fieldTypeId": "3f92e01b-29e2-4a30-bf33-9df5580ed52c",
                  "prevalueSourceId": "00000000-0000-0000-0000-000000000000",
                  "dataSourceFieldKey": null,
                  "mandatory": false,
                  "regex": null,
                  "requiredErrorMessage": null,
                  "invalidErrorMessage": null,
                  "condition": null,
                  "settings": {
                    "DefaultValue": ""
                  },
                  "preValues": []
                },
                {
                  "caption": "Email",
                  "tooltip": null,
                  "placeholder": null,
                  "cssClass": null,
                  "alias": "email",
                  "id": "dbf97b95-104c-4713-ac66-49986525f0bc",
                  "fieldTypeId": "3f92e01b-29e2-4a30-bf33-9df5580ed52c",
                  "prevalueSourceId": "00000000-0000-0000-0000-000000000000",
                  "dataSourceFieldKey": null,
                  "mandatory": false,
                  "regex": null,
                  "requiredErrorMessage": null,
                  "invalidErrorMessage": null,
                  "condition": null,
                  "settings": {
                    "DefaultValue": ""
                  },
                  "preValues": []
                },
                {
                  "caption": "Student",
                  "tooltip": null,
                  "placeholder": null,
                  "cssClass": null,
                  "alias": "student",
                  "id": "1987d62a-1637-44ce-b85b-ce669f99444b",
                  "fieldTypeId": "3f92e01b-29e2-4a30-bf33-9df5580ed52c",
                  "prevalueSourceId": "00000000-0000-0000-0000-000000000000",
                  "dataSourceFieldKey": null,
                  "mandatory": false,
                  "regex": null,
                  "requiredErrorMessage": null,
                  "invalidErrorMessage": null,
                  "condition": null,
                  "settings": {
                    "DefaultValue": ""
                  },
                  "preValues": []
                },
                {
                  "caption": "Program",
                  "tooltip": null,
                  "placeholder": null,
                  "cssClass": null,
                  "alias": "program",
                  "id": "e5d259ec-5666-4c86-d8f0-4a328a203212",
                  "fieldTypeId": "0dd29d42-a6a5-11de-a2f2-222256d89593",
                  "prevalueSourceId": "00000000-0000-0000-0000-000000000000",
                  "dataSourceFieldKey": null,
                  "mandatory": false,
                  "regex": null,
                  "requiredErrorMessage": null,
                  "invalidErrorMessage": null,
                  "condition": null,
                  "settings": {
                    "DefaultValue": ""
                  },
                  "preValues": [
                    "Architectural Technology",
                    "Automation and Robotics Technology",
                    "Automotive Service Technician - Chrysler",
                    "Automotive Service Technician - T.A.D.A",
                    "Bioinformatics for Software Professionals",
                    "Biomedical Engineering Technology",
                    "Biotechnology Technolgist - Industrial Microbiology",
                    "Business Administration",
                    "Business Administration - Accounting",
                    "Business Administration - Business Operations Management",
                    "Business Administration - Human Resources",
                    "Business Administration - International Business",
                    "Business Administration - Marketing",
                    "Computer and Communication Networking",
                    "Computer Engineering Technology - Embedded Networks",
                    "Computer Programmer/Analyst",
                    "Computer Systems and Networks Technology",
                    "Electronics Engineering Technology",
                    "Energy Systems Engineering Technology",
                    "Environmental Protection Technology",
                    "Financial Services",
                    "Health Informatics Technology",
                    "Heavy Duty Equipment Technician",
                    "Mechanical Engineering Technology - Design",
                    "Mechanical Engineering Technology - Industrial",
                    "Software Engineering Technology",
                    "Software Engineering Technology - Interactive Gaming",
                    "Software Systems: Design, Developement and Management",
                    "Truck and Coach Technician"
                  ]
                },
                {
                  "caption": "Text field",
                  "tooltip": null,
                  "placeholder": null,
                  "cssClass": null,
                  "alias": "textField",
                  "id": "b9e74fa8-6ee9-4402-d8c5-9698fc53547a",
                  "fieldTypeId": "e3fbf6c4-f46c-495e-aff8-4b3c227b4a98",
                  "prevalueSourceId": "00000000-0000-0000-0000-000000000000",
                  "dataSourceFieldKey": null,
                  "mandatory": false,
                  "regex": null,
                  "requiredErrorMessage": null,
                  "invalidErrorMessage": null,
                  "condition": null,
                  "settings": {
                    "Caption": "Please rate the student from 1 (unsatisfactory) to 5 (exceeds expectations)",
                    "BodyText": ""
                  },
                  "preValues": []
                },
                {
                  "caption": "Interest in Work",
                  "tooltip": null,
                  "placeholder": null,
                  "cssClass": null,
                  "alias": "interestInWork",
                  "id": "ccca8623-8419-4d19-9ab1-ae0d3c2e58b9",
                  "fieldTypeId": "0dd29d42-a6a5-11de-a2f2-222256d89593",
                  "prevalueSourceId": "00000000-0000-0000-0000-000000000000",
                  "dataSourceFieldKey": null,
                  "mandatory": false,
                  "regex": null,
                  "requiredErrorMessage": null,
                  "invalidErrorMessage": null,
                  "condition": null,
                  "settings": {
                    "DefaultValue": ""
                  },
                  "preValues": [
                    "5 High interest in job. Very enthusiastic.",
                    "4 More than an average amount of interest in job.",
                    "3 Satisfactory amount of interest for job.",
                    "2 Occasionally enthusiastic about job.",
                    "1 Little interest or enthusiasm for job."
                  ]
                },
                {
                  "caption": "Initiative",
                  "tooltip": null,
                  "placeholder": null,
                  "cssClass": null,
                  "alias": "initiative",
                  "id": "3c40e21e-e7ad-487d-ccc2-fef65024aa1a",
                  "fieldTypeId": "0dd29d42-a6a5-11de-a2f2-222256d89593",
                  "prevalueSourceId": "00000000-0000-0000-0000-000000000000",
                  "dataSourceFieldKey": null,
                  "mandatory": false,
                  "regex": null,
                  "requiredErrorMessage": null,
                  "invalidErrorMessage": null,
                  "condition": null,
                  "settings": {
                    "DefaultValue": ""
                  },
                  "preValues": [
                    "5 Self-starter. Asks for new jobs or extra work.",
                    "4 Acts voluntarily in most matters.",
                    "3 Completes all assigned work.",
                    "2 Must be told what to do frequently. Hesitates.",
                    "1 Always waits to be told what to do next."
                  ]
                },
                {
                  "caption": "Planning and Organizing",
                  "tooltip": null,
                  "placeholder": null,
                  "cssClass": null,
                  "alias": "planningAndOrganizing",
                  "id": "69eca909-17d7-49c3-fa65-253dab5606b7",
                  "fieldTypeId": "0dd29d42-a6a5-11de-a2f2-222256d89593",
                  "prevalueSourceId": "00000000-0000-0000-0000-000000000000",
                  "dataSourceFieldKey": null,
                  "mandatory": false,
                  "regex": null,
                  "requiredErrorMessage": null,
                  "invalidErrorMessage": null,
                  "condition": null,
                  "settings": {
                    "DefaultValue": ""
                  },
                  "preValues": [
                    "5 Does an excellent job of planning and organizing",
                    "4 Usually organizes and plans time adequately.",
                    "3 Does a normal amount of planning and organizing",
                    "2 Often fails to plan and organize effectively.",
                    "1 Consistently fails to organize effectively."
                  ]
                },
                {
                  "caption": "Ability to Learn",
                  "tooltip": null,
                  "placeholder": null,
                  "cssClass": null,
                  "alias": "abilityToLearn",
                  "id": "cf2e65e9-91d5-436a-e416-4c2958863908",
                  "fieldTypeId": "0dd29d42-a6a5-11de-a2f2-222256d89593",
                  "prevalueSourceId": "00000000-0000-0000-0000-000000000000",
                  "dataSourceFieldKey": null,
                  "mandatory": false,
                  "regex": null,
                  "requiredErrorMessage": null,
                  "invalidErrorMessage": null,
                  "condition": null,
                  "settings": {
                    "DefaultValue": ""
                  },
                  "preValues": [
                    "5 Exceptionally quick.",
                    "4 Quick to learn.",
                    "3 Average.",
                    "2 Slow to learn.",
                    "1 Very slow to learn."
                  ]
                },
                {
                  "caption": "Quality of Work",
                  "tooltip": null,
                  "placeholder": null,
                  "cssClass": null,
                  "alias": "qualityOfWork",
                  "id": "6bf5c157-3fa1-4b97-eb2e-48846c806950",
                  "fieldTypeId": "0dd29d42-a6a5-11de-a2f2-222256d89593",
                  "prevalueSourceId": "00000000-0000-0000-0000-000000000000",
                  "dataSourceFieldKey": null,
                  "mandatory": false,
                  "regex": null,
                  "requiredErrorMessage": null,
                  "invalidErrorMessage": null,
                  "condition": null,
                  "settings": {
                    "DefaultValue": ""
                  },
                  "preValues": [
                    "5 Very thorough with work and makes very few errors.",
                    "4 Usually thorough. Good work. Few errors.",
                    "3 Work passes review with a normal number of errors.",
                    "2 More than average number of errors for a trainee.",
                    "1 Unsatisfactory. Frequent errors."
                  ]
                },
                {
                  "caption": "Quantity of Work",
                  "tooltip": null,
                  "placeholder": null,
                  "cssClass": null,
                  "alias": "quantityOfWork",
                  "id": "bf9b319a-3884-4fb9-d0f7-bef15558c329",
                  "fieldTypeId": "0dd29d42-a6a5-11de-a2f2-222256d89593",
                  "prevalueSourceId": "00000000-0000-0000-0000-000000000000",
                  "dataSourceFieldKey": null,
                  "mandatory": false,
                  "regex": null,
                  "requiredErrorMessage": null,
                  "invalidErrorMessage": null,
                  "condition": null,
                  "settings": {
                    "DefaultValue": ""
                  },
                  "preValues": [
                    "5 Highly productive in comparison to other students.",
                    "4 Does more than expected when compared to others.",
                    "3 Expected amount of productivity for students.",
                    "2 Does less than the expected amount of work.",
                    "1 Performs minimal amount of work in allotted time."
                  ]
                },
                {
                  "caption": "Judgement",
                  "tooltip": null,
                  "placeholder": null,
                  "cssClass": null,
                  "alias": "judgement",
                  "id": "286757c4-c26d-4c70-8a09-40cc6b9cd0f6",
                  "fieldTypeId": "0dd29d42-a6a5-11de-a2f2-222256d89593",
                  "prevalueSourceId": "00000000-0000-0000-0000-000000000000",
                  "dataSourceFieldKey": null,
                  "mandatory": false,
                  "regex": null,
                  "requiredErrorMessage": null,
                  "invalidErrorMessage": null,
                  "condition": null,
                  "settings": {
                    "DefaultValue": ""
                  },
                  "preValues": [
                    "5 Exceptionally mature in decision making.",
                    "4 Usually has good common sense making decisions.",
                    "3 Decisions are satisfactory in routine situations.",
                    "2 Decisions are often made without a lot of analysis.",
                    "1 Decisions are not usually dependable."
                  ]
                },
                {
                  "caption": "Dependability",
                  "tooltip": null,
                  "placeholder": null,
                  "cssClass": null,
                  "alias": "dependability",
                  "id": "f01505d2-d693-4203-d27a-b43bcf95ab9e",
                  "fieldTypeId": "0dd29d42-a6a5-11de-a2f2-222256d89593",
                  "prevalueSourceId": "00000000-0000-0000-0000-000000000000",
                  "dataSourceFieldKey": null,
                  "mandatory": false,
                  "regex": null,
                  "requiredErrorMessage": null,
                  "invalidErrorMessage": null,
                  "condition": null,
                  "settings": {
                    "DefaultValue": ""
                  },
                  "preValues": [
                    "5 Can always be depended upon in any situation.",
                    "4 Can usually be depended upon in most situations.",
                    "3 Can be depended upon in routine situations.",
                    "2 Somewhat unreliable. Frequently needs supervision.",
                    "1 Unreliable. Requires close supervision."
                  ]
                },
                {
                  "caption": "Interpersonal Behaviour",
                  "tooltip": null,
                  "placeholder": null,
                  "cssClass": null,
                  "alias": "interpersonalBehaviour",
                  "id": "09385546-7148-4de8-e874-634ad13e157a",
                  "fieldTypeId": "0dd29d42-a6a5-11de-a2f2-222256d89593",
                  "prevalueSourceId": "00000000-0000-0000-0000-000000000000",
                  "dataSourceFieldKey": null,
                  "mandatory": false,
                  "regex": null,
                  "requiredErrorMessage": null,
                  "invalidErrorMessage": null,
                  "condition": null,
                  "settings": {
                    "DefaultValue": ""
                  },
                  "preValues": [
                    "5 Excellent team player that works well with all staff.",
                    "4 Congenial and helpful. Works well with associates.",
                    "3 Interaction is harmonious in normal situations.",
                    "2 Difficult to work with at times. Inappropriate.",
                    "1 Frequently quarrelsome and causes friction."
                  ]
                },
                {
                  "caption": "Response to Supervision",
                  "tooltip": null,
                  "placeholder": null,
                  "cssClass": null,
                  "alias": "responseToSupervision",
                  "id": "874fd540-de5f-435e-f73e-ee36e0822a6a",
                  "fieldTypeId": "0dd29d42-a6a5-11de-a2f2-222256d89593",
                  "prevalueSourceId": "00000000-0000-0000-0000-000000000000",
                  "dataSourceFieldKey": null,
                  "mandatory": false,
                  "regex": null,
                  "requiredErrorMessage": null,
                  "invalidErrorMessage": null,
                  "condition": null,
                  "settings": {
                    "DefaultValue": ""
                  },
                  "preValues": [
                    "5 Expresses appreciation and takes prompt action on suggestions.",
                    "4 Willingly accepts criticism by supervisor.",
                    "3 Accepts suggestions and criticism in a satisfactory manner.",
                    "2 Reluctantly accepts suggestions and criticism by supervisor.",
                    "1 Resents suggestions and criticism by supervisor."
                  ]
                },
                {
                  "caption": "Communication - Written",
                  "tooltip": null,
                  "placeholder": null,
                  "cssClass": null,
                  "alias": "communicationWritten",
                  "id": "0823e92e-b408-4984-ad54-f75ecb7d7b2d",
                  "fieldTypeId": "0dd29d42-a6a5-11de-a2f2-222256d89593",
                  "prevalueSourceId": "00000000-0000-0000-0000-000000000000",
                  "dataSourceFieldKey": null,
                  "mandatory": false,
                  "regex": null,
                  "requiredErrorMessage": null,
                  "invalidErrorMessage": null,
                  "condition": null,
                  "settings": {
                    "DefaultValue": ""
                  },
                  "preValues": [
                    "5 Exceptionally clear, well organized and concise.",
                    "4 Clear, organized and concise.",
                    "3 Satisfactory writing skills.",
                    "2 Sometimes encounters difficulty in writing clearly and concisely.",
                    "1 Inadequate writing skills."
                  ]
                },
                {
                  "caption": "Communication - Verbal",
                  "tooltip": null,
                  "placeholder": null,
                  "cssClass": null,
                  "alias": "communicationVerbal",
                  "id": "fdb908e9-72a4-4ce4-e533-641714769ce9",
                  "fieldTypeId": "0dd29d42-a6a5-11de-a2f2-222256d89593",
                  "prevalueSourceId": "00000000-0000-0000-0000-000000000000",
                  "dataSourceFieldKey": null,
                  "mandatory": false,
                  "regex": null,
                  "requiredErrorMessage": null,
                  "invalidErrorMessage": null,
                  "condition": null,
                  "settings": {
                    "DefaultValue": ""
                  },
                  "preValues": [
                    "5 Exceptional verbal expression; clear and easily understood.",
                    "4 Clear and understandable.",
                    "3 Satisfactory verbal skills.",
                    "2 Sometimes encounters difficulty speaking clearly and concisely.",
                    "1 Inadequate verbal skills."
                  ]
                },
                {
                  "caption": "Grooming",
                  "tooltip": null,
                  "placeholder": null,
                  "cssClass": null,
                  "alias": "grooming",
                  "id": "3b248d28-f563-4a87-8f08-33ba9befff54",
                  "fieldTypeId": "903df9b0-a78c-11de-9fc1-db7a56d89593",
                  "prevalueSourceId": "00000000-0000-0000-0000-000000000000",
                  "dataSourceFieldKey": null,
                  "mandatory": false,
                  "regex": null,
                  "requiredErrorMessage": null,
                  "invalidErrorMessage": null,
                  "condition": null,
                  "settings": {
                    "DefaultValue": ""
                  },
                  "preValues": [
                    "Appropriate",
                    "Inappropriate"
                  ]
                },
                {
                  "caption": "Attendance",
                  "tooltip": null,
                  "placeholder": null,
                  "cssClass": null,
                  "alias": "attendance",
                  "id": "516203b0-86ad-495c-89c8-bba033a4502e",
                  "fieldTypeId": "903df9b0-a78c-11de-9fc1-db7a56d89593",
                  "prevalueSourceId": "00000000-0000-0000-0000-000000000000",
                  "dataSourceFieldKey": null,
                  "mandatory": false,
                  "regex": null,
                  "requiredErrorMessage": null,
                  "invalidErrorMessage": null,
                  "condition": null,
                  "settings": {
                    "DefaultValue": ""
                  },
                  "preValues": [
                    "Regular",
                    "Irregular"
                  ]
                },
                {
                  "caption": "Punctuality",
                  "tooltip": null,
                  "placeholder": null,
                  "cssClass": null,
                  "alias": "punctuality",
                  "id": "8978292a-93ad-4960-e101-9c389c623986",
                  "fieldTypeId": "903df9b0-a78c-11de-9fc1-db7a56d89593",
                  "prevalueSourceId": "00000000-0000-0000-0000-000000000000",
                  "dataSourceFieldKey": null,
                  "mandatory": false,
                  "regex": null,
                  "requiredErrorMessage": null,
                  "invalidErrorMessage": null,
                  "condition": null,
                  "settings": {
                    "DefaultValue": ""
                  },
                  "preValues": [
                    "Regular",
                    "Irregular"
                  ]
                },
                {
                  "caption": "Major strengths",
                  "tooltip": "",
                  "placeholder": null,
                  "cssClass": null,
                  "alias": "majorStrengths",
                  "id": "df3bd48d-e014-4995-c084-6de458642006",
                  "fieldTypeId": "023f09ac-1445-4bcb-b8fa-ab49f33bd046",
                  "prevalueSourceId": "00000000-0000-0000-0000-000000000000",
                  "dataSourceFieldKey": null,
                  "mandatory": false,
                  "regex": null,
                  "requiredErrorMessage": null,
                  "invalidErrorMessage": null,
                  "condition": null,
                  "settings": {
                    "DefaultValue": ""
                  },
                  "preValues": []
                },
                {
                  "caption": "Areas of improvement",
                  "tooltip": null,
                  "placeholder": null,
                  "cssClass": null,
                  "alias": "areasOfImprovement",
                  "id": "4dc66efd-ef91-4e56-d5c4-75610e9a172d",
                  "fieldTypeId": "023f09ac-1445-4bcb-b8fa-ab49f33bd046",
                  "prevalueSourceId": "00000000-0000-0000-0000-000000000000",
                  "dataSourceFieldKey": null,
                  "mandatory": false,
                  "regex": null,
                  "requiredErrorMessage": null,
                  "invalidErrorMessage": null,
                  "condition": null,
                  "settings": {
                    "DefaultValue": ""
                  },
                  "preValues": []
                },
                {
                  "caption": "Overall Performance",
                  "tooltip": null,
                  "placeholder": null,
                  "cssClass": null,
                  "alias": "overallPerformance",
                  "id": "08944624-e198-48dc-d487-921d99088cbb",
                  "fieldTypeId": "0dd29d42-a6a5-11de-a2f2-222256d89593",
                  "prevalueSourceId": "00000000-0000-0000-0000-000000000000",
                  "dataSourceFieldKey": null,
                  "mandatory": false,
                  "regex": null,
                  "requiredErrorMessage": null,
                  "invalidErrorMessage": null,
                  "condition": null,
                  "settings": {
                    "DefaultValue": ""
                  },
                  "preValues": [
                    "Outstanding - A+",
                    "Outstanding - A",
                    "Outstanding - A-",
                    "Very Good - B+",
                    "Very Good - B",
                    "Very Good - B-",
                    "Average - C+",
                    "Average - C",
                    "Average - C-",
                    "Marginal - D+",
                    "Marginal - D",
                    "Marginal - D-",
                    "Unsatisfactory - F"
                  ]
                },
                {
                  "caption": "This evaluation has been discussed with the student",
                  "tooltip": null,
                  "placeholder": null,
                  "cssClass": null,
                  "alias": "thisEvaluationHasBeenDiscussedWithTheStudent",
                  "id": "ecfb2a65-9f57-4330-fbcd-723fbe2683ea",
                  "fieldTypeId": "903df9b0-a78c-11de-9fc1-db7a56d89593",
                  "prevalueSourceId": "00000000-0000-0000-0000-000000000000",
                  "dataSourceFieldKey": null,
                  "mandatory": false,
                  "regex": null,
                  "requiredErrorMessage": null,
                  "invalidErrorMessage": null,
                  "condition": null,
                  "settings": {
                    "DefaultValue": ""
                  },
                  "preValues": [
                    "Yes",
                    "No"
                  ]
                },
                {
                  "caption": "This student is invited to return for his/her next work term should a position become available",
                  "tooltip": null,
                  "placeholder": null,
                  "cssClass": null,
                  "alias": "thisStudentIsInvitedToReturnForHisHerNextWorkTermShouldAPositionBecomeAvailable",
                  "id": "97bfa5c3-88be-4f2b-f8dc-76d19c0f2773",
                  "fieldTypeId": "903df9b0-a78c-11de-9fc1-db7a56d89593",
                  "prevalueSourceId": "00000000-0000-0000-0000-000000000000",
                  "dataSourceFieldKey": null,
                  "mandatory": false,
                  "regex": null,
                  "requiredErrorMessage": null,
                  "invalidErrorMessage": null,
                  "condition": null,
                  "settings": {
                    "DefaultValue": ""
                  },
                  "preValues": [
                    "Yes",
                    "No"
                  ]
                },
                {
                  "caption": "Employer's Comments",
                  "tooltip": null,
                  "placeholder": null,
                  "cssClass": null,
                  "alias": "employerSComments",
                  "id": "477170b8-ac68-45b5-90d1-5cf5a57298a1",
                  "fieldTypeId": "023f09ac-1445-4bcb-b8fa-ab49f33bd046",
                  "prevalueSourceId": "00000000-0000-0000-0000-000000000000",
                  "dataSourceFieldKey": null,
                  "mandatory": false,
                  "regex": null,
                  "requiredErrorMessage": null,
                  "invalidErrorMessage": null,
                  "condition": {
                    "id": "00000000-0000-0000-0000-000000000000",
                    "enabled": false,
                    "actionType": "Show",
                    "logicType": "All",
                    "rules": []
                  },
                  "settings": {
                    "DefaultValue": ""
                  },
                  "preValues": []
                },
                {
                  "caption": "Student's Comments",
                  "tooltip": null,
                  "placeholder": null,
                  "cssClass": null,
                  "alias": "studentSComments",
                  "id": "85b7ec75-9555-4267-c211-2cb25d0a4a90",
                  "fieldTypeId": "023f09ac-1445-4bcb-b8fa-ab49f33bd046",
                  "prevalueSourceId": "00000000-0000-0000-0000-000000000000",
                  "dataSourceFieldKey": null,
                  "mandatory": false,
                  "regex": null,
                  "requiredErrorMessage": null,
                  "invalidErrorMessage": null,
                  "condition": null,
                  "settings": {
                    "DefaultValue": ""
                  },
                  "preValues": []
                },
                {
                  "caption": "Rated by",
                  "tooltip": null,
                  "placeholder": null,
                  "cssClass": null,
                  "alias": "ratedBy",
                  "id": "bcfeef15-4d62-4a57-e50c-5edc4ecfa551",
                  "fieldTypeId": "3f92e01b-29e2-4a30-bf33-9df5580ed52c",
                  "prevalueSourceId": "00000000-0000-0000-0000-000000000000",
                  "dataSourceFieldKey": null,
                  "mandatory": false,
                  "regex": null,
                  "requiredErrorMessage": null,
                  "invalidErrorMessage": null,
                  "condition": null,
                  "settings": {
                    "DefaultValue": ""
                  },
                  "preValues": []
                },
                {
                  "caption": "Title/Department",
                  "tooltip": null,
                  "placeholder": null,
                  "cssClass": null,
                  "alias": "titleDepartment",
                  "id": "018ffdd9-a90f-43a4-96f1-87a2c98a5416",
                  "fieldTypeId": "3f92e01b-29e2-4a30-bf33-9df5580ed52c",
                  "prevalueSourceId": "00000000-0000-0000-0000-000000000000",
                  "dataSourceFieldKey": null,
                  "mandatory": false,
                  "regex": null,
                  "requiredErrorMessage": null,
                  "invalidErrorMessage": null,
                  "condition": null,
                  "settings": {
                    "DefaultValue": ""
                  },
                  "preValues": []
                },
                {
                  "caption": "Date",
                  "tooltip": null,
                  "placeholder": null,
                  "cssClass": null,
                  "alias": "date",
                  "id": "c6e63af9-13b7-48e2-b2f9-0021cf1e3974",
                  "fieldTypeId": "227d26b2-0a7f-4cf6-be70-fcc87861c599",
                  "prevalueSourceId": "00000000-0000-0000-0000-000000000000",
                  "dataSourceFieldKey": null,
                  "mandatory": false,
                  "regex": null,
                  "requiredErrorMessage": null,
                  "invalidErrorMessage": null,
                  "condition": null,
                  "settings": {},
                  "preValues": []
                },
                {
                  "caption": "Additional comments/instructions",
                  "tooltip": null,
                  "placeholder": null,
                  "cssClass": null,
                  "alias": "additionalCommentsInstructions",
                  "id": "4b54dd47-ffa5-4302-f926-c5a229cdfaaf",
                  "fieldTypeId": "023f09ac-1445-4bcb-b8fa-ab49f33bd046",
                  "prevalueSourceId": "00000000-0000-0000-0000-000000000000",
                  "dataSourceFieldKey": null,
                  "mandatory": false,
                  "regex": null,
                  "requiredErrorMessage": null,
                  "invalidErrorMessage": null,
                  "condition": null,
                  "settings": {
                    "DefaultValue": ""
                  },
                  "preValues": []
                }
              ]
            }
          ],
          "condition": null
        }
      ],
      "caption": null,
      "sortOrder": 0,
      "id": "00000000-0000-0000-0000-000000000000",
      "form": "00000000-0000-0000-0000-000000000000"
    }
  ],
  "id": "594aa000-d447-4cc4-aa12-6b70c1a17af6",
  "fieldIndicationType": "MarkMandatoryFields",
  "indicator": "*",
  "showValidationSummary": false,
  "hideFieldValidation": false,
  "requiredErrorMessage": "Please provide a value for {0}",
  "invalidErrorMessage": "Please provide a valid value for {0}",
  "messageOnSubmit": "Thank you",
  "goToPageOnSubmit": 37973,
  "xPathOnSubmit": null,
  "manualApproval": false,
  "storeRecordsLocally": true,
  "cssClass": null,
  "disableDefaultStylesheet": false,
  "useClientDependency": false,
  "workflows": [
    "d775b5b6-40a1-4cc2-a6d1-07e0cb346724"
  ],
  "datasource": null,
  "submitLabel": "Submit",
  "nextLabel": "Next",
  "prevLabel": "Previous"
}