{
  "name": "Social Media Account Registration",
  "created": "2015-10-13T09:03:17.1612022-04:00",
  "pages": [
    {
      "fieldSets": [
        {
          "caption": null,
          "sortOrder": 0,
          "id": "bc7d31b9-d4ee-430d-9fbf-991c1406782d",
          "page": "00000000-0000-0000-0000-000000000000",
          "containers": [
            {
              "caption": null,
              "width": 12,
              "fields": [
                {
                  "caption": "Account Name",
                  "tooltip": null,
                  "placeholder": null,
                  "cssClass": null,
                  "alias": "accountName",
                  "id": "14d47efd-67a6-4210-fa82-c63ca25fbadf",
                  "fieldTypeId": "3f92e01b-29e2-4a30-bf33-9df5580ed52c",
                  "prevalueSourceId": "00000000-0000-0000-0000-000000000000",
                  "dataSourceFieldKey": null,
                  "mandatory": true,
                  "regex": null,
                  "requiredErrorMessage": "This is a required question.",
                  "invalidErrorMessage": null,
                  "condition": null,
                  "settings": {
                    "DefaultValue": ""
                  },
                  "preValues": []
                },
                {
                  "caption": "Social Network",
                  "tooltip": null,
                  "placeholder": null,
                  "cssClass": null,
                  "alias": "socialNetwork",
                  "id": "cba10766-7b02-4c58-9d76-961f696fd934",
                  "fieldTypeId": "fab43f20-a6bf-11de-a28f-9b5755d89593",
                  "prevalueSourceId": "00000000-0000-0000-0000-000000000000",
                  "dataSourceFieldKey": null,
                  "mandatory": true,
                  "regex": null,
                  "requiredErrorMessage": "This is a required question.",
                  "invalidErrorMessage": null,
                  "condition": null,
                  "settings": {
                    "DefaultValue": ""
                  },
                  "preValues": [
                    "Facebook",
                    "Google Plus",
                    "Instagram",
                    "LinkedIn",
                    "Pinterest",
                    "Tumblr",
                    "Twitter",
                    "YouTube"
                  ]
                },
                {
                  "caption": "Social Network URL(s)",
                  "tooltip": null,
                  "placeholder": null,
                  "cssClass": null,
                  "alias": "socialNetworkUrlS",
                  "id": "d9ce3ae0-ce96-41b3-da3a-aab5e08631e8",
                  "fieldTypeId": "023f09ac-1445-4bcb-b8fa-ab49f33bd046",
                  "prevalueSourceId": "00000000-0000-0000-0000-000000000000",
                  "dataSourceFieldKey": null,
                  "mandatory": true,
                  "regex": null,
                  "requiredErrorMessage": "This is a required question.",
                  "invalidErrorMessage": null,
                  "condition": null,
                  "settings": {
                    "DefaultValue": ""
                  },
                  "preValues": []
                },
                {
                  "caption": "Primary Social Media Administrator",
                  "tooltip": null,
                  "placeholder": null,
                  "cssClass": null,
                  "alias": "primarySocialMediaAdministrator",
                  "id": "9b39abc5-3bc7-4db0-9e19-3b5fb5c4ba24",
                  "fieldTypeId": "3f92e01b-29e2-4a30-bf33-9df5580ed52c",
                  "prevalueSourceId": "00000000-0000-0000-0000-000000000000",
                  "dataSourceFieldKey": null,
                  "mandatory": true,
                  "regex": "",
                  "requiredErrorMessage": "This is a required question.",
                  "invalidErrorMessage": "Invalid phone number",
                  "condition": null,
                  "settings": {
                    "DefaultValue": ""
                  },
                  "preValues": []
                },
                {
                  "caption": "Primary Administrator Phone Number",
                  "tooltip": null,
                  "placeholder": null,
                  "cssClass": null,
                  "alias": "primaryAdministratorPhoneNumber",
                  "id": "9a14f1e4-4251-4702-95bb-ab8e475b2aed",
                  "fieldTypeId": "3f92e01b-29e2-4a30-bf33-9df5580ed52c",
                  "prevalueSourceId": "00000000-0000-0000-0000-000000000000",
                  "dataSourceFieldKey": null,
                  "mandatory": true,
                  "regex": "^\\d{3}-\\d{3}-\\d{4}$|^\\d{10}$",
                  "requiredErrorMessage": "This is a required question.",
                  "invalidErrorMessage": "Invalid Phone Number",
                  "condition": null,
                  "settings": {
                    "DefaultValue": ""
                  },
                  "preValues": []
                },
                {
                  "caption": "Primary Administrator Email",
                  "tooltip": null,
                  "placeholder": null,
                  "cssClass": null,
                  "alias": "primaryAdministratorEmail",
                  "id": "6fc7b140-ad76-4a5c-de54-9ccad99e11d5",
                  "fieldTypeId": "3f92e01b-29e2-4a30-bf33-9df5580ed52c",
                  "prevalueSourceId": "00000000-0000-0000-0000-000000000000",
                  "dataSourceFieldKey": null,
                  "mandatory": true,
                  "regex": "\\w+([-+.]\\w+)*@\\w+([-.]\\w+)*\\.\\w+([-.]\\w+)*",
                  "requiredErrorMessage": "This is a required question.",
                  "invalidErrorMessage": "Invalid Email Address.",
                  "condition": null,
                  "settings": {
                    "DefaultValue": ""
                  },
                  "preValues": []
                },
                {
                  "caption": "Purpose of this Account",
                  "tooltip": null,
                  "placeholder": null,
                  "cssClass": null,
                  "alias": "purposeOfThisAccount",
                  "id": "ace16af2-0274-42e4-b51a-807e758cf3dc",
                  "fieldTypeId": "023f09ac-1445-4bcb-b8fa-ab49f33bd046",
                  "prevalueSourceId": "00000000-0000-0000-0000-000000000000",
                  "dataSourceFieldKey": null,
                  "mandatory": true,
                  "regex": null,
                  "requiredErrorMessage": "This is a required question.",
                  "invalidErrorMessage": null,
                  "condition": null,
                  "settings": {
                    "DefaultValue": ""
                  },
                  "preValues": []
                },
                {
                  "caption": "What is the average post frequency on your most frequently used social network?",
                  "tooltip": null,
                  "placeholder": null,
                  "cssClass": null,
                  "alias": "whatIsTheAveragePostFrequencyOnYourMostFrequentlyUsedSocialNetwork",
                  "id": "2fc78547-6853-430a-b813-c4910afb4f62",
                  "fieldTypeId": "fab43f20-a6bf-11de-a28f-9b5755d89593",
                  "prevalueSourceId": "00000000-0000-0000-0000-000000000000",
                  "dataSourceFieldKey": null,
                  "mandatory": true,
                  "regex": null,
                  "requiredErrorMessage": "This is a required question.",
                  "invalidErrorMessage": null,
                  "condition": null,
                  "settings": {
                    "DefaultValue": ""
                  },
                  "preValues": [
                    "1-2 times per hour",
                    "1-2 times per day",
                    "3-4 times per day",
                    "3-4 times per month"
                  ]
                }
              ]
            }
          ],
          "condition": null
        }
      ],
      "caption": "",
      "sortOrder": 0,
      "id": "00000000-0000-0000-0000-000000000000",
      "form": "00000000-0000-0000-0000-000000000000"
    }
  ],
  "id": "5f7c7a90-40c9-436c-bb4f-cf70255c3493",
  "fieldIndicationType": "MarkMandatoryFields",
  "indicator": "*",
  "showValidationSummary": false,
  "hideFieldValidation": false,
  "requiredErrorMessage": "Please provide a value for {0}",
  "invalidErrorMessage": "Please provide a valid value for {0}",
  "messageOnSubmit": "Thank you for your Social Media Account Registration submission. We will contact you within the next 3-4 business days.",
  "goToPageOnSubmit": 51971,
  "xPathOnSubmit": null,
  "manualApproval": false,
  "storeRecordsLocally": true,
  "cssClass": null,
  "disableDefaultStylesheet": false,
  "useClientDependency": false,
  "workflows": [
    "b36e1350-1f58-443b-83bf-ad525bf9a991"
  ],
  "datasource": null,
  "submitLabel": "Submit",
  "nextLabel": "Next",
  "prevLabel": "Previous"
}