{
  "name": "Engage Registration",
  "created": "2015-08-14T12:00:16.7641089-04:00",
  "pages": [
    {
      "fieldSets": [
        {
          "caption": null,
          "sortOrder": 0,
          "id": "25d6a158-35ac-4b9b-9f21-3b48e9aca8d5",
          "page": "00000000-0000-0000-0000-000000000000",
          "containers": [
            {
              "caption": null,
              "width": 12,
              "fields": [
                {
                  "caption": "First Name:",
                  "tooltip": null,
                  "placeholder": null,
                  "cssClass": null,
                  "alias": "firstName",
                  "id": "b13cf207-97f3-4f0a-b3cc-380ee7b64bef",
                  "fieldTypeId": "3f92e01b-29e2-4a30-bf33-9df5580ed52c",
                  "prevalueSourceId": "00000000-0000-0000-0000-000000000000",
                  "dataSourceFieldKey": null,
                  "mandatory": true,
                  "regex": null,
                  "requiredErrorMessage": "Please enter your first name.",
                  "invalidErrorMessage": null,
                  "condition": null,
                  "settings": {
                    "DefaultValue": ""
                  },
                  "preValues": []
                },
                {
                  "caption": "Last Name:",
                  "tooltip": null,
                  "placeholder": null,
                  "cssClass": null,
                  "alias": "lastName",
                  "id": "fcc57c44-4329-418b-87de-d3b3fc0cc73e",
                  "fieldTypeId": "3f92e01b-29e2-4a30-bf33-9df5580ed52c",
                  "prevalueSourceId": "00000000-0000-0000-0000-000000000000",
                  "dataSourceFieldKey": null,
                  "mandatory": true,
                  "regex": null,
                  "requiredErrorMessage": "Please enter your last name.",
                  "invalidErrorMessage": null,
                  "condition": null,
                  "settings": {
                    "DefaultValue": ""
                  },
                  "preValues": []
                },
                {
                  "caption": "Student Number:",
                  "tooltip": null,
                  "placeholder": null,
                  "cssClass": null,
                  "alias": "studentNumber",
                  "id": "73b11d45-5f83-442d-b521-347cbf61eba1",
                  "fieldTypeId": "3f92e01b-29e2-4a30-bf33-9df5580ed52c",
                  "prevalueSourceId": "00000000-0000-0000-0000-000000000000",
                  "dataSourceFieldKey": null,
                  "mandatory": true,
                  "regex": null,
                  "requiredErrorMessage": "Please enter your student number.",
                  "invalidErrorMessage": null,
                  "condition": null,
                  "settings": {
                    "DefaultValue": ""
                  },
                  "preValues": []
                },
                {
                  "caption": "Which activities do you want to attend?",
                  "tooltip": "",
                  "placeholder": null,
                  "cssClass": null,
                  "alias": "whichActivitiesDoYouWantToAttend",
                  "id": "93442306-a88a-4412-e81a-09fbb079870b",
                  "fieldTypeId": "fab43f20-a6bf-11de-a28f-9b5755d89593",
                  "prevalueSourceId": "00000000-0000-0000-0000-000000000000",
                  "dataSourceFieldKey": null,
                  "mandatory": true,
                  "regex": null,
                  "requiredErrorMessage": "Please select a minimum of one activity.",
                  "invalidErrorMessage": null,
                  "condition": null,
                  "settings": {
                    "DefaultValue": ""
                  },
                  "preValues": [
                    "Safe Talk: Suicide Prevention Training",
                    "The 21st Century Global Employability Skills: Are you ready to lead?",
                    "Time Management",
                    "Presentation Skills",
                    "Test-taking with Adaptive Technology",
                    "Positive Space",
                    "Working in Canada: Communication and culture",
                    "Leadership Passport Workshop 1",
                    "Express Entry Information Session",
                    "Getting a foot in the door: Job search and résumé writing skills for success",
                    "Meditation Session"
                  ]
                }
              ]
            }
          ],
          "condition": null
        }
      ],
      "caption": "",
      "sortOrder": 0,
      "id": "00000000-0000-0000-0000-000000000000",
      "form": "00000000-0000-0000-0000-000000000000"
    }
  ],
  "id": "61c7b83d-321d-49c9-900b-7b994b41f840",
  "fieldIndicationType": "MarkMandatoryFields",
  "indicator": "*",
  "showValidationSummary": false,
  "hideFieldValidation": false,
  "requiredErrorMessage": "Please provide a value for {0}",
  "invalidErrorMessage": "Please provide a valid value for {0}",
  "messageOnSubmit": "Thank you",
  "goToPageOnSubmit": 51971,
  "xPathOnSubmit": null,
  "manualApproval": false,
  "storeRecordsLocally": true,
  "cssClass": null,
  "disableDefaultStylesheet": false,
  "useClientDependency": false,
  "workflows": [
    "7ecc5ea8-dbc8-42ab-bb31-2dfcf93e9bce"
  ],
  "datasource": null,
  "submitLabel": "Submit",
  "nextLabel": "Next",
  "prevLabel": "Previous"
}