{
  "name": "MAPs form",
  "created": "2015-08-18T15:35:40.2619903-04:00",
  "pages": [
    {
      "fieldSets": [
        {
          "caption": null,
          "sortOrder": 0,
          "id": "7d2542b2-ffd3-459e-9021-543e29cc5fe2",
          "page": "00000000-0000-0000-0000-000000000000",
          "containers": [
            {
              "caption": null,
              "width": 12,
              "fields": [
                {
                  "caption": "First Name",
                  "tooltip": null,
                  "placeholder": null,
                  "cssClass": null,
                  "alias": "firstName",
                  "id": "7a493d2b-0f1a-4453-f5da-0359fda88186",
                  "fieldTypeId": "3f92e01b-29e2-4a30-bf33-9df5580ed52c",
                  "prevalueSourceId": "00000000-0000-0000-0000-000000000000",
                  "dataSourceFieldKey": null,
                  "mandatory": true,
                  "regex": null,
                  "requiredErrorMessage": null,
                  "invalidErrorMessage": null,
                  "condition": null,
                  "settings": {
                    "DefaultValue": ""
                  },
                  "preValues": []
                },
                {
                  "caption": "Last Name",
                  "tooltip": null,
                  "placeholder": null,
                  "cssClass": null,
                  "alias": "lastName",
                  "id": "4a64071d-7251-4cf5-e3d7-1527179caeb3",
                  "fieldTypeId": "3f92e01b-29e2-4a30-bf33-9df5580ed52c",
                  "prevalueSourceId": "00000000-0000-0000-0000-000000000000",
                  "dataSourceFieldKey": null,
                  "mandatory": true,
                  "regex": null,
                  "requiredErrorMessage": null,
                  "invalidErrorMessage": null,
                  "condition": null,
                  "settings": {
                    "DefaultValue": ""
                  },
                  "preValues": []
                },
                {
                  "caption": "Date of Birth (mm/dd/yyyy)",
                  "tooltip": null,
                  "placeholder": null,
                  "cssClass": null,
                  "alias": "dateOfBirthMmDdYyyy",
                  "id": "52e7a175-b162-4aac-fecd-6ceb46ecb6e9",
                  "fieldTypeId": "227d26b2-0a7f-4cf6-be70-fcc87861c599",
                  "prevalueSourceId": "00000000-0000-0000-0000-000000000000",
                  "dataSourceFieldKey": null,
                  "mandatory": true,
                  "regex": null,
                  "requiredErrorMessage": null,
                  "invalidErrorMessage": null,
                  "condition": null,
                  "settings": {},
                  "preValues": []
                },
                {
                  "caption": "Street Address",
                  "tooltip": null,
                  "placeholder": null,
                  "cssClass": null,
                  "alias": "streetAddress",
                  "id": "ab92765f-f81f-4715-ae53-779024e1053d",
                  "fieldTypeId": "3f92e01b-29e2-4a30-bf33-9df5580ed52c",
                  "prevalueSourceId": "00000000-0000-0000-0000-000000000000",
                  "dataSourceFieldKey": null,
                  "mandatory": true,
                  "regex": null,
                  "requiredErrorMessage": null,
                  "invalidErrorMessage": null,
                  "condition": null,
                  "settings": {
                    "DefaultValue": ""
                  },
                  "preValues": []
                },
                {
                  "caption": "Apartment / Suite",
                  "tooltip": null,
                  "placeholder": null,
                  "cssClass": null,
                  "alias": "apartmentSuite",
                  "id": "01f0f6e3-4ef8-44b2-e566-f85b620e94b7",
                  "fieldTypeId": "3f92e01b-29e2-4a30-bf33-9df5580ed52c",
                  "prevalueSourceId": "00000000-0000-0000-0000-000000000000",
                  "dataSourceFieldKey": null,
                  "mandatory": false,
                  "regex": null,
                  "requiredErrorMessage": null,
                  "invalidErrorMessage": null,
                  "condition": null,
                  "settings": {
                    "DefaultValue": ""
                  },
                  "preValues": []
                },
                {
                  "caption": "City",
                  "tooltip": null,
                  "placeholder": null,
                  "cssClass": null,
                  "alias": "city",
                  "id": "2aa6d13e-8481-42b7-a684-6b86cdbd45da",
                  "fieldTypeId": "3f92e01b-29e2-4a30-bf33-9df5580ed52c",
                  "prevalueSourceId": "00000000-0000-0000-0000-000000000000",
                  "dataSourceFieldKey": null,
                  "mandatory": false,
                  "regex": null,
                  "requiredErrorMessage": null,
                  "invalidErrorMessage": null,
                  "condition": null,
                  "settings": {
                    "DefaultValue": ""
                  },
                  "preValues": []
                },
                {
                  "caption": "Province / Country",
                  "tooltip": null,
                  "placeholder": null,
                  "cssClass": null,
                  "alias": "provinceCountry",
                  "id": "080a5075-b7b6-47bd-ea05-13df17c1cbf8",
                  "fieldTypeId": "3f92e01b-29e2-4a30-bf33-9df5580ed52c",
                  "prevalueSourceId": "00000000-0000-0000-0000-000000000000",
                  "dataSourceFieldKey": null,
                  "mandatory": true,
                  "regex": null,
                  "requiredErrorMessage": null,
                  "invalidErrorMessage": null,
                  "condition": null,
                  "settings": {
                    "DefaultValue": ""
                  },
                  "preValues": []
                },
                {
                  "caption": "Postal Code",
                  "tooltip": null,
                  "placeholder": null,
                  "cssClass": null,
                  "alias": "postalCode",
                  "id": "8cc6b0e6-75a7-4161-c3f6-309784494b5e",
                  "fieldTypeId": "3f92e01b-29e2-4a30-bf33-9df5580ed52c",
                  "prevalueSourceId": "00000000-0000-0000-0000-000000000000",
                  "dataSourceFieldKey": null,
                  "mandatory": true,
                  "regex": null,
                  "requiredErrorMessage": null,
                  "invalidErrorMessage": null,
                  "condition": null,
                  "settings": {
                    "DefaultValue": ""
                  },
                  "preValues": []
                },
                {
                  "caption": "Work Telephone",
                  "tooltip": null,
                  "placeholder": null,
                  "cssClass": null,
                  "alias": "workTelephone",
                  "id": "c16f29e1-e7bb-4108-be77-60803f4c8d15",
                  "fieldTypeId": "3f92e01b-29e2-4a30-bf33-9df5580ed52c",
                  "prevalueSourceId": "00000000-0000-0000-0000-000000000000",
                  "dataSourceFieldKey": null,
                  "mandatory": false,
                  "regex": null,
                  "requiredErrorMessage": null,
                  "invalidErrorMessage": null,
                  "condition": null,
                  "settings": {
                    "DefaultValue": ""
                  },
                  "preValues": []
                },
                {
                  "caption": "Home Telephone",
                  "tooltip": null,
                  "placeholder": null,
                  "cssClass": null,
                  "alias": "homeTelephone",
                  "id": "4a70d9c7-6ce8-4557-9402-b98b1893b529",
                  "fieldTypeId": "3f92e01b-29e2-4a30-bf33-9df5580ed52c",
                  "prevalueSourceId": "00000000-0000-0000-0000-000000000000",
                  "dataSourceFieldKey": null,
                  "mandatory": true,
                  "regex": null,
                  "requiredErrorMessage": null,
                  "invalidErrorMessage": null,
                  "condition": null,
                  "settings": {
                    "DefaultValue": ""
                  },
                  "preValues": []
                },
                {
                  "caption": "Email",
                  "tooltip": null,
                  "placeholder": null,
                  "cssClass": null,
                  "alias": "email",
                  "id": "386bc5cf-d6b9-4713-984c-edd7f412e867",
                  "fieldTypeId": "3f92e01b-29e2-4a30-bf33-9df5580ed52c",
                  "prevalueSourceId": "00000000-0000-0000-0000-000000000000",
                  "dataSourceFieldKey": null,
                  "mandatory": false,
                  "regex": null,
                  "requiredErrorMessage": null,
                  "invalidErrorMessage": null,
                  "condition": null,
                  "settings": {
                    "DefaultValue": ""
                  },
                  "preValues": []
                },
                {
                  "caption": "Citizenship (Check One)",
                  "tooltip": null,
                  "placeholder": null,
                  "cssClass": null,
                  "alias": "citizenshipCheckOne",
                  "id": "4ede6f82-04be-439d-caaa-eb7581fdcfdf",
                  "fieldTypeId": "903df9b0-a78c-11de-9fc1-db7a56d89593",
                  "prevalueSourceId": "00000000-0000-0000-0000-000000000000",
                  "dataSourceFieldKey": null,
                  "mandatory": true,
                  "regex": null,
                  "requiredErrorMessage": null,
                  "invalidErrorMessage": null,
                  "condition": null,
                  "settings": {
                    "DefaultValue": ""
                  },
                  "preValues": [
                    "Canadian Citizen",
                    "Landed Status",
                    "Other"
                  ]
                },
                {
                  "caption": "Basis for Admission Consideration (Check One)",
                  "tooltip": null,
                  "placeholder": null,
                  "cssClass": null,
                  "alias": "basisForAdmissionConsiderationCheckOne",
                  "id": "424a171f-cb02-4a29-ce5d-e29b18175c8f",
                  "fieldTypeId": "903df9b0-a78c-11de-9fc1-db7a56d89593",
                  "prevalueSourceId": "00000000-0000-0000-0000-000000000000",
                  "dataSourceFieldKey": null,
                  "mandatory": true,
                  "regex": null,
                  "requiredErrorMessage": null,
                  "invalidErrorMessage": null,
                  "condition": null,
                  "settings": {
                    "DefaultValue": ""
                  },
                  "preValues": [
                    "Ontario Secondary School Graduate or the Equivalent",
                    "GED",
                    "Other"
                  ]
                },
                {
                  "caption": "Please specify name of sponsoring employer (for apprentice candidates)",
                  "tooltip": null,
                  "placeholder": null,
                  "cssClass": null,
                  "alias": "pleaseSpecifyNameOfSponsoringEmployerForApprenticeCandidates",
                  "id": "049adba4-e96b-4e93-98ea-b6dc6c76720e",
                  "fieldTypeId": "3f92e01b-29e2-4a30-bf33-9df5580ed52c",
                  "prevalueSourceId": "00000000-0000-0000-0000-000000000000",
                  "dataSourceFieldKey": null,
                  "mandatory": false,
                  "regex": null,
                  "requiredErrorMessage": null,
                  "invalidErrorMessage": null,
                  "condition": null,
                  "settings": {
                    "DefaultValue": ""
                  },
                  "preValues": []
                },
                {
                  "caption": "First program choice",
                  "tooltip": null,
                  "placeholder": null,
                  "cssClass": null,
                  "alias": "firstProgramChoice",
                  "id": "05447034-d96c-49ba-e49e-d1985638c240",
                  "fieldTypeId": "0dd29d42-a6a5-11de-a2f2-222256d89593",
                  "prevalueSourceId": "00000000-0000-0000-0000-000000000000",
                  "dataSourceFieldKey": null,
                  "mandatory": true,
                  "regex": null,
                  "requiredErrorMessage": null,
                  "invalidErrorMessage": null,
                  "condition": null,
                  "settings": {
                    "DefaultValue": ""
                  },
                  "preValues": [
                    "Automotive Service Technician Canadian Tire - MAP 32",
                    "Ford Motor Company of Canada Limited - ASSET - MAP 32",
                    "General Motors of Canada - ASEP - MAP 32",
                    "Honda Canada Inc. - AHAP - MAP 32",
                    "Automotive Service Technician Toyota - MAP 32"
                  ]
                },
                {
                  "caption": "Start Date (mm/dd/yyyy)",
                  "tooltip": null,
                  "placeholder": null,
                  "cssClass": null,
                  "alias": "startDateMmDdYyyy",
                  "id": "e5c50c0c-f3aa-4d67-c5cd-7c7c41fa5b7d",
                  "fieldTypeId": "227d26b2-0a7f-4cf6-be70-fcc87861c599",
                  "prevalueSourceId": "00000000-0000-0000-0000-000000000000",
                  "dataSourceFieldKey": null,
                  "mandatory": true,
                  "regex": null,
                  "requiredErrorMessage": null,
                  "invalidErrorMessage": null,
                  "condition": null,
                  "settings": {},
                  "preValues": []
                },
                {
                  "caption": "Second program choice",
                  "tooltip": null,
                  "placeholder": null,
                  "cssClass": null,
                  "alias": "secondProgramChoice",
                  "id": "713ccf76-87b9-4cd0-9344-ba5af041f5c6",
                  "fieldTypeId": "0dd29d42-a6a5-11de-a2f2-222256d89593",
                  "prevalueSourceId": "00000000-0000-0000-0000-000000000000",
                  "dataSourceFieldKey": null,
                  "mandatory": true,
                  "regex": null,
                  "requiredErrorMessage": null,
                  "invalidErrorMessage": null,
                  "condition": null,
                  "settings": {
                    "DefaultValue": ""
                  },
                  "preValues": [
                    "Automotive Service Technician Canadian Tire - MAP 32",
                    "Ford Motor Company of Canada Limited - ASSET - MAP 32",
                    "General Motors of Canada - ASEP - MAP 32",
                    "Honda Canada Inc. - AHAP - MAP 32",
                    "Automotive Service Technician Toyota - MAP 32"
                  ]
                },
                {
                  "caption": "Start Date (mm/dd/yyyy) *",
                  "tooltip": null,
                  "placeholder": null,
                  "cssClass": null,
                  "alias": "startDateMmDdYyyy",
                  "id": "e2a4841d-aa73-48b7-cff9-93095b36883a",
                  "fieldTypeId": "227d26b2-0a7f-4cf6-be70-fcc87861c599",
                  "prevalueSourceId": "00000000-0000-0000-0000-000000000000",
                  "dataSourceFieldKey": null,
                  "mandatory": true,
                  "regex": null,
                  "requiredErrorMessage": null,
                  "invalidErrorMessage": null,
                  "condition": null,
                  "settings": {},
                  "preValues": []
                },
                {
                  "caption": "Third program choice",
                  "tooltip": null,
                  "placeholder": null,
                  "cssClass": null,
                  "alias": "thirdProgramChoice",
                  "id": "a321ae4d-5a44-48e5-9901-5dc78e4d21df",
                  "fieldTypeId": "0dd29d42-a6a5-11de-a2f2-222256d89593",
                  "prevalueSourceId": "00000000-0000-0000-0000-000000000000",
                  "dataSourceFieldKey": null,
                  "mandatory": true,
                  "regex": null,
                  "requiredErrorMessage": null,
                  "invalidErrorMessage": null,
                  "condition": null,
                  "settings": {
                    "DefaultValue": ""
                  },
                  "preValues": [
                    "Automotive Service Technician Canadian Tire - MAP 32",
                    "Ford Motor Company of Canada Limited - ASSET - MAP 32",
                    "General Motors of Canada - ASEP - MAP 32",
                    "Honda Canada Inc. - AHAP - MAP 32",
                    "Automotive Service Technician Toyota - MAP 32"
                  ]
                },
                {
                  "caption": "Start Date (mm/dd/yyyy)",
                  "tooltip": null,
                  "placeholder": null,
                  "cssClass": null,
                  "alias": "startDateMmDdYyyy",
                  "id": "9135af3c-d88a-48ac-c3f8-133a941072e5",
                  "fieldTypeId": "227d26b2-0a7f-4cf6-be70-fcc87861c599",
                  "prevalueSourceId": "00000000-0000-0000-0000-000000000000",
                  "dataSourceFieldKey": null,
                  "mandatory": true,
                  "regex": null,
                  "requiredErrorMessage": null,
                  "invalidErrorMessage": null,
                  "condition": null,
                  "settings": {},
                  "preValues": []
                },
                {
                  "caption": "Consent",
                  "tooltip": null,
                  "placeholder": null,
                  "cssClass": null,
                  "alias": "consent",
                  "id": "77fbfd2b-179c-4198-8565-456b7098eaec",
                  "fieldTypeId": "5c754dce-8e85-4c7a-9cd6-b35441d44691",
                  "prevalueSourceId": "00000000-0000-0000-0000-000000000000",
                  "dataSourceFieldKey": null,
                  "mandatory": true,
                  "regex": null,
                  "requiredErrorMessage": null,
                  "invalidErrorMessage": null,
                  "condition": null,
                  "settings": {
                    "Policy": "I would like to receive electronic messages from Centennial College"
                  },
                  "preValues": []
                }
              ]
            }
          ],
          "condition": null
        }
      ],
      "caption": null,
      "sortOrder": 0,
      "id": "00000000-0000-0000-0000-000000000000",
      "form": "00000000-0000-0000-0000-000000000000"
    }
  ],
  "id": "697e19a2-6c1b-49f6-bdb7-fda160104379",
  "fieldIndicationType": "MarkMandatoryFields",
  "indicator": "*",
  "showValidationSummary": false,
  "hideFieldValidation": false,
  "requiredErrorMessage": "Please provide a value for {0}",
  "invalidErrorMessage": "Please provide a valid value for {0}",
  "messageOnSubmit": "Thank you",
  "goToPageOnSubmit": 51971,
  "xPathOnSubmit": null,
  "manualApproval": false,
  "storeRecordsLocally": true,
  "cssClass": null,
  "disableDefaultStylesheet": false,
  "useClientDependency": false,
  "workflows": [
    "6edef85a-2b48-450b-a081-db9c38ee392e"
  ],
  "datasource": null,
  "submitLabel": "Submit",
  "nextLabel": "Next",
  "prevLabel": "Previous"
}