{
  "name": "Call for Proposals Submission Form",
  "created": "2015-08-14T11:19:19.0451091-04:00",
  "pages": [
    {
      "fieldSets": [
        {
          "caption": null,
          "sortOrder": 0,
          "id": "d1c7b37f-3fd4-4fd6-930c-f236c441c245",
          "page": "00000000-0000-0000-0000-000000000000",
          "containers": [
            {
              "caption": null,
              "width": 12,
              "fields": [
                {
                  "caption": "Name of Organization",
                  "tooltip": null,
                  "placeholder": null,
                  "cssClass": null,
                  "alias": "nameOfOrganization",
                  "id": "2d91184d-8b2e-45aa-c28f-8645b4c7e8f5",
                  "fieldTypeId": "3f92e01b-29e2-4a30-bf33-9df5580ed52c",
                  "prevalueSourceId": "00000000-0000-0000-0000-000000000000",
                  "dataSourceFieldKey": null,
                  "mandatory": true,
                  "regex": null,
                  "requiredErrorMessage": null,
                  "invalidErrorMessage": null,
                  "condition": null,
                  "settings": {
                    "DefaultValue": ""
                  },
                  "preValues": []
                },
                {
                  "caption": "Name of Facilitator(s)",
                  "tooltip": null,
                  "placeholder": null,
                  "cssClass": null,
                  "alias": "nameOfFacilitatorS",
                  "id": "437a0eba-c92d-4a70-9010-8c6f5e970ff4",
                  "fieldTypeId": "3f92e01b-29e2-4a30-bf33-9df5580ed52c",
                  "prevalueSourceId": "00000000-0000-0000-0000-000000000000",
                  "dataSourceFieldKey": null,
                  "mandatory": true,
                  "regex": null,
                  "requiredErrorMessage": null,
                  "invalidErrorMessage": null,
                  "condition": null,
                  "settings": {
                    "DefaultValue": ""
                  },
                  "preValues": []
                },
                {
                  "caption": "Mailing Address",
                  "tooltip": null,
                  "placeholder": null,
                  "cssClass": null,
                  "alias": "mailingAddress",
                  "id": "25720f75-75d1-4157-d836-309f962ad4c3",
                  "fieldTypeId": "3f92e01b-29e2-4a30-bf33-9df5580ed52c",
                  "prevalueSourceId": "00000000-0000-0000-0000-000000000000",
                  "dataSourceFieldKey": null,
                  "mandatory": true,
                  "regex": null,
                  "requiredErrorMessage": null,
                  "invalidErrorMessage": null,
                  "condition": null,
                  "settings": {
                    "DefaultValue": ""
                  },
                  "preValues": []
                },
                {
                  "caption": "Phone Number",
                  "tooltip": null,
                  "placeholder": null,
                  "cssClass": null,
                  "alias": "phoneNumber",
                  "id": "42fb1c6c-0b56-4d2a-ee8b-1e2e43ec4947",
                  "fieldTypeId": "3f92e01b-29e2-4a30-bf33-9df5580ed52c",
                  "prevalueSourceId": "00000000-0000-0000-0000-000000000000",
                  "dataSourceFieldKey": null,
                  "mandatory": false,
                  "regex": null,
                  "requiredErrorMessage": null,
                  "invalidErrorMessage": null,
                  "condition": null,
                  "settings": {
                    "DefaultValue": ""
                  },
                  "preValues": []
                },
                {
                  "caption": "Email",
                  "tooltip": null,
                  "placeholder": null,
                  "cssClass": null,
                  "alias": "email",
                  "id": "748bf9fd-c9e3-4da8-ea98-1b6db7907aaa",
                  "fieldTypeId": "3f92e01b-29e2-4a30-bf33-9df5580ed52c",
                  "prevalueSourceId": "00000000-0000-0000-0000-000000000000",
                  "dataSourceFieldKey": null,
                  "mandatory": true,
                  "regex": null,
                  "requiredErrorMessage": null,
                  "invalidErrorMessage": null,
                  "condition": null,
                  "settings": {
                    "DefaultValue": ""
                  },
                  "preValues": []
                },
                {
                  "caption": "Presentation Title",
                  "tooltip": null,
                  "placeholder": null,
                  "cssClass": null,
                  "alias": "presentationTitle",
                  "id": "b3cb25c0-0801-47df-8b16-3b866cbe5c23",
                  "fieldTypeId": "3f92e01b-29e2-4a30-bf33-9df5580ed52c",
                  "prevalueSourceId": "00000000-0000-0000-0000-000000000000",
                  "dataSourceFieldKey": null,
                  "mandatory": true,
                  "regex": null,
                  "requiredErrorMessage": null,
                  "invalidErrorMessage": null,
                  "condition": null,
                  "settings": {
                    "DefaultValue": ""
                  },
                  "preValues": []
                },
                {
                  "caption": "Presentation Format",
                  "tooltip": null,
                  "placeholder": null,
                  "cssClass": null,
                  "alias": "presentationFormat",
                  "id": "e9474cc9-fc88-42e2-cc28-c6f5d8bc0259",
                  "fieldTypeId": "903df9b0-a78c-11de-9fc1-db7a56d89593",
                  "prevalueSourceId": "00000000-0000-0000-0000-000000000000",
                  "dataSourceFieldKey": null,
                  "mandatory": true,
                  "regex": null,
                  "requiredErrorMessage": null,
                  "invalidErrorMessage": null,
                  "condition": null,
                  "settings": {
                    "DefaultValue": ""
                  },
                  "preValues": [
                    "Research Paper",
                    "Poster Presentation",
                    "Team Presentation",
                    "Workshop",
                    "Alternate Form of Delivery (please describe your answer)"
                  ]
                },
                {
                  "caption": "If you chose Alternate Form of Delivery, please describe your answer here.",
                  "tooltip": null,
                  "placeholder": null,
                  "cssClass": null,
                  "alias": "ifYouChoseAlternateFormOfDeliveryPleaseDescribeYourAnswerHere",
                  "id": "d0b618dd-c8fa-4455-e41d-cb1f41536054",
                  "fieldTypeId": "023f09ac-1445-4bcb-b8fa-ab49f33bd046",
                  "prevalueSourceId": "00000000-0000-0000-0000-000000000000",
                  "dataSourceFieldKey": null,
                  "mandatory": false,
                  "regex": null,
                  "requiredErrorMessage": null,
                  "invalidErrorMessage": null,
                  "condition": null,
                  "settings": {
                    "DefaultValue": ""
                  },
                  "preValues": []
                },
                {
                  "caption": "Please check the conference theme which best suits your submission.",
                  "tooltip": null,
                  "placeholder": null,
                  "cssClass": null,
                  "alias": "pleaseCheckTheConferenceThemeWhichBestSuitsYourSubmission",
                  "id": "8e4ca524-4c1a-46c8-8ee1-82383db5e38a",
                  "fieldTypeId": "fab43f20-a6bf-11de-a28f-9b5755d89593",
                  "prevalueSourceId": "00000000-0000-0000-0000-000000000000",
                  "dataSourceFieldKey": null,
                  "mandatory": true,
                  "regex": null,
                  "requiredErrorMessage": null,
                  "invalidErrorMessage": null,
                  "condition": null,
                  "settings": {
                    "DefaultValue": ""
                  },
                  "preValues": [
                    "Embodied Knowledge",
                    "Divergent Thinking",
                    "Language and Identity",
                    "Power Relations",
                    "Story Telling"
                  ]
                },
                {
                  "caption": "Please email me updates on the Walking in Two Worlds Conference hosted by Centennial College and my form submission.",
                  "tooltip": null,
                  "placeholder": null,
                  "cssClass": null,
                  "alias": "pleaseEmailMeUpdatesOnTheWalkingInTwoWorldsConferenceHostedByCentennialCollegeAndMyFormSubmission",
                  "id": "1eabf9f1-00b1-4b48-cb46-f0dc3522e519",
                  "fieldTypeId": "d5c0c390-ae9a-11de-a69e-666455d89593",
                  "prevalueSourceId": "00000000-0000-0000-0000-000000000000",
                  "dataSourceFieldKey": null,
                  "mandatory": true,
                  "regex": null,
                  "requiredErrorMessage": null,
                  "invalidErrorMessage": null,
                  "condition": null,
                  "settings": {
                    "DefaultValue": ""
                  },
                  "preValues": []
                }
              ]
            }
          ],
          "condition": null
        }
      ],
      "caption": "Call for Proposals Submission Form",
      "sortOrder": 0,
      "id": "00000000-0000-0000-0000-000000000000",
      "form": "00000000-0000-0000-0000-000000000000"
    }
  ],
  "id": "6c6319de-313f-4bcb-b7df-3ce9ea5b8809",
  "fieldIndicationType": "MarkMandatoryFields",
  "indicator": "*",
  "showValidationSummary": false,
  "hideFieldValidation": false,
  "requiredErrorMessage": "Please provide a value for {0}",
  "invalidErrorMessage": "Please provide a valid value for {0}",
  "messageOnSubmit": "Thank you",
  "goToPageOnSubmit": 51971,
  "xPathOnSubmit": null,
  "manualApproval": false,
  "storeRecordsLocally": true,
  "cssClass": null,
  "disableDefaultStylesheet": false,
  "useClientDependency": false,
  "workflows": [
    "71aadb3f-0075-45ea-bcee-14a7c9d66af3"
  ],
  "datasource": null,
  "submitLabel": "Submit",
  "nextLabel": "Next",
  "prevLabel": "Previous"
}