{
  "name": "SIE Partnership Application Form",
  "created": "2015-11-13T13:56:24.1678202-05:00",
  "pages": [
    {
      "fieldSets": [
        {
          "caption": null,
          "sortOrder": 0,
          "id": "a76cfd52-774b-49bd-9d3a-a0bf461d2a61",
          "page": "00000000-0000-0000-0000-000000000000",
          "containers": [
            {
              "caption": null,
              "width": 12,
              "fields": [
                {
                  "caption": "Company Name",
                  "tooltip": null,
                  "placeholder": null,
                  "cssClass": null,
                  "alias": "companyName",
                  "id": "fa5325de-0e6a-4dde-d0fa-216e4463ad31",
                  "fieldTypeId": "3f92e01b-29e2-4a30-bf33-9df5580ed52c",
                  "prevalueSourceId": "00000000-0000-0000-0000-000000000000",
                  "dataSourceFieldKey": null,
                  "mandatory": false,
                  "regex": null,
                  "requiredErrorMessage": null,
                  "invalidErrorMessage": null,
                  "condition": null,
                  "settings": {
                    "DefaultValue": ""
                  },
                  "preValues": []
                },
                {
                  "caption": "Address",
                  "tooltip": null,
                  "placeholder": null,
                  "cssClass": null,
                  "alias": "address",
                  "id": "56acc188-57d1-453e-c785-c45e14069163",
                  "fieldTypeId": "3f92e01b-29e2-4a30-bf33-9df5580ed52c",
                  "prevalueSourceId": "00000000-0000-0000-0000-000000000000",
                  "dataSourceFieldKey": null,
                  "mandatory": false,
                  "regex": null,
                  "requiredErrorMessage": null,
                  "invalidErrorMessage": null,
                  "condition": null,
                  "settings": {
                    "DefaultValue": ""
                  },
                  "preValues": []
                },
                {
                  "caption": "City",
                  "tooltip": null,
                  "placeholder": null,
                  "cssClass": null,
                  "alias": "city",
                  "id": "bc4d9a9f-cb4d-4c17-d74e-9e71a60a59ac",
                  "fieldTypeId": "3f92e01b-29e2-4a30-bf33-9df5580ed52c",
                  "prevalueSourceId": "00000000-0000-0000-0000-000000000000",
                  "dataSourceFieldKey": null,
                  "mandatory": false,
                  "regex": null,
                  "requiredErrorMessage": null,
                  "invalidErrorMessage": null,
                  "condition": null,
                  "settings": {
                    "DefaultValue": ""
                  },
                  "preValues": []
                },
                {
                  "caption": "Province",
                  "tooltip": null,
                  "placeholder": null,
                  "cssClass": null,
                  "alias": "province",
                  "id": "3005cb74-1872-4a2c-a6b6-24dbce20d585",
                  "fieldTypeId": "3f92e01b-29e2-4a30-bf33-9df5580ed52c",
                  "prevalueSourceId": "00000000-0000-0000-0000-000000000000",
                  "dataSourceFieldKey": null,
                  "mandatory": false,
                  "regex": null,
                  "requiredErrorMessage": null,
                  "invalidErrorMessage": null,
                  "condition": null,
                  "settings": {
                    "DefaultValue": ""
                  },
                  "preValues": []
                },
                {
                  "caption": "Postal Code",
                  "tooltip": null,
                  "placeholder": null,
                  "cssClass": null,
                  "alias": "postalCode",
                  "id": "19d0da85-4699-4e58-d256-d3e29cee9b8e",
                  "fieldTypeId": "3f92e01b-29e2-4a30-bf33-9df5580ed52c",
                  "prevalueSourceId": "00000000-0000-0000-0000-000000000000",
                  "dataSourceFieldKey": null,
                  "mandatory": false,
                  "regex": null,
                  "requiredErrorMessage": null,
                  "invalidErrorMessage": null,
                  "condition": null,
                  "settings": {
                    "DefaultValue": ""
                  },
                  "preValues": []
                },
                {
                  "caption": "Contact Person",
                  "tooltip": "First and Last Name",
                  "placeholder": null,
                  "cssClass": null,
                  "alias": "contactPerson",
                  "id": "9804a15c-272e-479e-d8bb-4d0833c3b680",
                  "fieldTypeId": "3f92e01b-29e2-4a30-bf33-9df5580ed52c",
                  "prevalueSourceId": "00000000-0000-0000-0000-000000000000",
                  "dataSourceFieldKey": null,
                  "mandatory": false,
                  "regex": null,
                  "requiredErrorMessage": null,
                  "invalidErrorMessage": null,
                  "condition": null,
                  "settings": {
                    "DefaultValue": ""
                  },
                  "preValues": []
                },
                {
                  "caption": "Phone Number",
                  "tooltip": null,
                  "placeholder": null,
                  "cssClass": null,
                  "alias": "phoneNumber",
                  "id": "b749fbad-caad-4c90-b266-6cde839e8104",
                  "fieldTypeId": "3f92e01b-29e2-4a30-bf33-9df5580ed52c",
                  "prevalueSourceId": "00000000-0000-0000-0000-000000000000",
                  "dataSourceFieldKey": null,
                  "mandatory": false,
                  "regex": null,
                  "requiredErrorMessage": null,
                  "invalidErrorMessage": null,
                  "condition": null,
                  "settings": {
                    "DefaultValue": ""
                  },
                  "preValues": []
                },
                {
                  "caption": "Email",
                  "tooltip": null,
                  "placeholder": null,
                  "cssClass": null,
                  "alias": "email",
                  "id": "f1ef77d6-6a5a-4109-e5f1-710425264ea4",
                  "fieldTypeId": "3f92e01b-29e2-4a30-bf33-9df5580ed52c",
                  "prevalueSourceId": "00000000-0000-0000-0000-000000000000",
                  "dataSourceFieldKey": null,
                  "mandatory": false,
                  "regex": null,
                  "requiredErrorMessage": null,
                  "invalidErrorMessage": null,
                  "condition": null,
                  "settings": {
                    "DefaultValue": ""
                  },
                  "preValues": []
                },
                {
                  "caption": "Company Size (Number of Employees)",
                  "tooltip": null,
                  "placeholder": null,
                  "cssClass": null,
                  "alias": "companySizeNumberOfEmployees",
                  "id": "4e2d8c01-5427-466c-ae7f-51860038e72a",
                  "fieldTypeId": "0dd29d42-a6a5-11de-a2f2-222256d89593",
                  "prevalueSourceId": "00000000-0000-0000-0000-000000000000",
                  "dataSourceFieldKey": null,
                  "mandatory": false,
                  "regex": null,
                  "requiredErrorMessage": null,
                  "invalidErrorMessage": null,
                  "condition": null,
                  "settings": {
                    "DefaultValue": ""
                  },
                  "preValues": [
                    "0-10",
                    "11-30",
                    "31-60",
                    "61-100",
                    "Above 100"
                  ]
                },
                {
                  "caption": "Related Sector",
                  "tooltip": null,
                  "placeholder": null,
                  "cssClass": null,
                  "alias": "relatedSector",
                  "id": "768ac863-c732-411e-ece7-ad2db53bd8ea",
                  "fieldTypeId": "0dd29d42-a6a5-11de-a2f2-222256d89593",
                  "prevalueSourceId": "00000000-0000-0000-0000-000000000000",
                  "dataSourceFieldKey": null,
                  "mandatory": false,
                  "regex": null,
                  "requiredErrorMessage": null,
                  "invalidErrorMessage": null,
                  "condition": null,
                  "settings": {
                    "DefaultValue": ""
                  },
                  "preValues": [
                    "Aerospace",
                    "Automotive",
                    "Chemical",
                    "Clean Technology",
                    "Defense",
                    "Financial Services",
                    "Health Services",
                    "Information Communication Technology (ICT)",
                    "Steel",
                    "Other"
                  ]
                },
                {
                  "caption": "If Other, please share your Sector",
                  "tooltip": null,
                  "placeholder": null,
                  "cssClass": null,
                  "alias": "ifOtherPleaseShareYourSector",
                  "id": "504acc37-6ff0-4a2f-f88e-d6f2796d2ffe",
                  "fieldTypeId": "3f92e01b-29e2-4a30-bf33-9df5580ed52c",
                  "prevalueSourceId": "00000000-0000-0000-0000-000000000000",
                  "dataSourceFieldKey": null,
                  "mandatory": false,
                  "regex": null,
                  "requiredErrorMessage": null,
                  "invalidErrorMessage": null,
                  "condition": null,
                  "settings": {
                    "DefaultValue": ""
                  },
                  "preValues": []
                },
                {
                  "caption": "Engagement Interest",
                  "tooltip": "Check all that apply",
                  "placeholder": null,
                  "cssClass": null,
                  "alias": "engagementInterest",
                  "id": "9d56b9ce-17cc-4ffc-c476-350068404b39",
                  "fieldTypeId": "fab43f20-a6bf-11de-a28f-9b5755d89593",
                  "prevalueSourceId": "00000000-0000-0000-0000-000000000000",
                  "dataSourceFieldKey": null,
                  "mandatory": false,
                  "regex": null,
                  "requiredErrorMessage": null,
                  "invalidErrorMessage": null,
                  "condition": null,
                  "settings": {
                    "DefaultValue": ""
                  },
                  "preValues": [
                    "Program or Curriculum Development",
                    "Program Advisory Committees",
                    "Applied Research",
                    "Co-op Students",
                    "Corporate Training",
                    "Scholarships",
                    "Donations",
                    "Other"
                  ]
                },
                {
                  "caption": "If Other, please share your Engagement Interest",
                  "tooltip": null,
                  "placeholder": null,
                  "cssClass": null,
                  "alias": "ifOtherPleaseShareYourEngagementInterest",
                  "id": "bcc2dc89-b340-433f-d27d-99bc1e54f547",
                  "fieldTypeId": "3f92e01b-29e2-4a30-bf33-9df5580ed52c",
                  "prevalueSourceId": "00000000-0000-0000-0000-000000000000",
                  "dataSourceFieldKey": null,
                  "mandatory": false,
                  "regex": null,
                  "requiredErrorMessage": null,
                  "invalidErrorMessage": null,
                  "condition": null,
                  "settings": {
                    "DefaultValue": ""
                  },
                  "preValues": []
                },
                {
                  "caption": "History of Engagement",
                  "tooltip": "Check all that apply",
                  "placeholder": null,
                  "cssClass": null,
                  "alias": "historyOfEngagement",
                  "id": "a719f658-1f15-4e27-e3fa-f934402315fc",
                  "fieldTypeId": "fab43f20-a6bf-11de-a28f-9b5755d89593",
                  "prevalueSourceId": "00000000-0000-0000-0000-000000000000",
                  "dataSourceFieldKey": null,
                  "mandatory": false,
                  "regex": null,
                  "requiredErrorMessage": null,
                  "invalidErrorMessage": null,
                  "condition": null,
                  "settings": {
                    "DefaultValue": ""
                  },
                  "preValues": [
                    "Alumni",
                    "Program Advisory Committee Member",
                    "Co-op Employer",
                    "Field Placement Employer",
                    "Donor",
                    "Other"
                  ]
                },
                {
                  "caption": "If Other, please share your History of Engagement",
                  "tooltip": null,
                  "placeholder": null,
                  "cssClass": null,
                  "alias": "ifOtherPleaseShareYourHistoryOfEngagement",
                  "id": "9b6bcdf6-d7fb-4733-e3ca-41a65f975bc5",
                  "fieldTypeId": "3f92e01b-29e2-4a30-bf33-9df5580ed52c",
                  "prevalueSourceId": "00000000-0000-0000-0000-000000000000",
                  "dataSourceFieldKey": null,
                  "mandatory": false,
                  "regex": null,
                  "requiredErrorMessage": null,
                  "invalidErrorMessage": null,
                  "condition": null,
                  "settings": {
                    "DefaultValue": ""
                  },
                  "preValues": []
                },
                {
                  "caption": "Preferred Communications Style",
                  "tooltip": null,
                  "placeholder": null,
                  "cssClass": null,
                  "alias": "preferredCommunicationsStyle",
                  "id": "4e7bd698-d9fd-422f-9630-590844a13070",
                  "fieldTypeId": "0dd29d42-a6a5-11de-a2f2-222256d89593",
                  "prevalueSourceId": "00000000-0000-0000-0000-000000000000",
                  "dataSourceFieldKey": null,
                  "mandatory": false,
                  "regex": null,
                  "requiredErrorMessage": null,
                  "invalidErrorMessage": null,
                  "condition": null,
                  "settings": {
                    "DefaultValue": ""
                  },
                  "preValues": [
                    "Phone",
                    "Email"
                  ]
                },
                {
                  "caption": "How did you hear about the Signature Industry Experience",
                  "tooltip": null,
                  "placeholder": null,
                  "cssClass": null,
                  "alias": "howDidYouHearAboutTheSignatureIndustryExperience",
                  "id": "674705ee-2738-455f-f205-1092387480ac",
                  "fieldTypeId": "0dd29d42-a6a5-11de-a2f2-222256d89593",
                  "prevalueSourceId": "00000000-0000-0000-0000-000000000000",
                  "dataSourceFieldKey": null,
                  "mandatory": false,
                  "regex": null,
                  "requiredErrorMessage": null,
                  "invalidErrorMessage": null,
                  "condition": null,
                  "settings": {
                    "DefaultValue": ""
                  },
                  "preValues": [
                    "Website",
                    "Event",
                    "Advertisement",
                    "Personal Referral",
                    "Other"
                  ]
                },
                {
                  "caption": "If Personal Referral, please share who referred you",
                  "tooltip": null,
                  "placeholder": null,
                  "cssClass": null,
                  "alias": "ifPersonalReferralPleaseShareWhoReferredYou",
                  "id": "062382cb-7c2b-4ec7-e0af-94620516d0d6",
                  "fieldTypeId": "3f92e01b-29e2-4a30-bf33-9df5580ed52c",
                  "prevalueSourceId": "00000000-0000-0000-0000-000000000000",
                  "dataSourceFieldKey": null,
                  "mandatory": false,
                  "regex": null,
                  "requiredErrorMessage": null,
                  "invalidErrorMessage": null,
                  "condition": null,
                  "settings": {
                    "DefaultValue": ""
                  },
                  "preValues": []
                },
                {
                  "caption": "Are you Alumni?",
                  "tooltip": null,
                  "placeholder": null,
                  "cssClass": null,
                  "alias": "areYouAlumni",
                  "id": "b53dda4a-080b-418a-8aee-04da034c1cc1",
                  "fieldTypeId": "903df9b0-a78c-11de-9fc1-db7a56d89593",
                  "prevalueSourceId": "00000000-0000-0000-0000-000000000000",
                  "dataSourceFieldKey": null,
                  "mandatory": false,
                  "regex": null,
                  "requiredErrorMessage": null,
                  "invalidErrorMessage": null,
                  "condition": null,
                  "settings": {
                    "DefaultValue": ""
                  },
                  "preValues": [
                    "Yes",
                    "No"
                  ]
                },
                {
                  "caption": "Checkbox Policy field",
                  "tooltip": null,
                  "placeholder": null,
                  "cssClass": null,
                  "alias": "checkboxPolicyField",
                  "id": "d0f327a2-27f5-4064-8bc8-d6ccb33a3e7e",
                  "fieldTypeId": "5c754dce-8e85-4c7a-9cd6-b35441d44691",
                  "prevalueSourceId": "00000000-0000-0000-0000-000000000000",
                  "dataSourceFieldKey": null,
                  "mandatory": false,
                  "regex": null,
                  "requiredErrorMessage": null,
                  "invalidErrorMessage": null,
                  "condition": null,
                  "settings": {
                    "Policy": "I would like to receive electronic messages from Centennial College"
                  },
                  "preValues": []
                }
              ]
            }
          ],
          "condition": null
        }
      ],
      "caption": null,
      "sortOrder": 0,
      "id": "00000000-0000-0000-0000-000000000000",
      "form": "00000000-0000-0000-0000-000000000000"
    }
  ],
  "id": "6dd29c52-a93c-4934-b71c-7a381b3adb53",
  "fieldIndicationType": "MarkMandatoryFields",
  "indicator": "*",
  "showValidationSummary": false,
  "hideFieldValidation": false,
  "requiredErrorMessage": "Please provide a value for {0}",
  "invalidErrorMessage": "Please provide a valid value for {0}",
  "messageOnSubmit": "Thank you",
  "goToPageOnSubmit": 0,
  "xPathOnSubmit": null,
  "manualApproval": false,
  "storeRecordsLocally": true,
  "cssClass": null,
  "disableDefaultStylesheet": false,
  "useClientDependency": false,
  "workflows": [
    "67b0123e-6364-4471-94f2-26fb1d1bccfb"
  ],
  "datasource": null,
  "submitLabel": "Submit",
  "nextLabel": "Next",
  "prevLabel": "Previous"
}