{
  "name": "Residence Information Request",
  "created": "2015-12-09T15:12:52.4915891-05:00",
  "pages": [
    {
      "fieldSets": [
        {
          "caption": null,
          "sortOrder": 0,
          "id": "7698b511-8d15-4676-8587-80263b8a7911",
          "page": "00000000-0000-0000-0000-000000000000",
          "containers": [
            {
              "caption": null,
              "width": 12,
              "fields": [
                {
                  "caption": "First Name",
                  "tooltip": null,
                  "placeholder": null,
                  "cssClass": null,
                  "alias": "firstName",
                  "id": "2f325d27-ecf9-4224-ad6a-c251561d2b54",
                  "fieldTypeId": "3f92e01b-29e2-4a30-bf33-9df5580ed52c",
                  "prevalueSourceId": "00000000-0000-0000-0000-000000000000",
                  "dataSourceFieldKey": null,
                  "mandatory": true,
                  "regex": null,
                  "requiredErrorMessage": null,
                  "invalidErrorMessage": null,
                  "condition": null,
                  "settings": {
                    "DefaultValue": ""
                  },
                  "preValues": []
                },
                {
                  "caption": "Last Name",
                  "tooltip": null,
                  "placeholder": null,
                  "cssClass": null,
                  "alias": "lastName",
                  "id": "5a755ccb-1e49-4821-c346-ea2dc4bacc95",
                  "fieldTypeId": "3f92e01b-29e2-4a30-bf33-9df5580ed52c",
                  "prevalueSourceId": "00000000-0000-0000-0000-000000000000",
                  "dataSourceFieldKey": null,
                  "mandatory": true,
                  "regex": null,
                  "requiredErrorMessage": null,
                  "invalidErrorMessage": null,
                  "condition": null,
                  "settings": {
                    "DefaultValue": ""
                  },
                  "preValues": []
                },
                {
                  "caption": "Address",
                  "tooltip": null,
                  "placeholder": null,
                  "cssClass": null,
                  "alias": "address",
                  "id": "cb8d4c1a-4183-42c4-bcbd-f809c4d8825a",
                  "fieldTypeId": "3f92e01b-29e2-4a30-bf33-9df5580ed52c",
                  "prevalueSourceId": "00000000-0000-0000-0000-000000000000",
                  "dataSourceFieldKey": null,
                  "mandatory": false,
                  "regex": null,
                  "requiredErrorMessage": null,
                  "invalidErrorMessage": null,
                  "condition": null,
                  "settings": {
                    "DefaultValue": ""
                  },
                  "preValues": []
                },
                {
                  "caption": "Apt. or Suite #",
                  "tooltip": null,
                  "placeholder": null,
                  "cssClass": null,
                  "alias": "aptOrSuite",
                  "id": "bf2ac454-5fe4-44fc-838f-4a95b17d08de",
                  "fieldTypeId": "3f92e01b-29e2-4a30-bf33-9df5580ed52c",
                  "prevalueSourceId": "00000000-0000-0000-0000-000000000000",
                  "dataSourceFieldKey": null,
                  "mandatory": false,
                  "regex": null,
                  "requiredErrorMessage": null,
                  "invalidErrorMessage": null,
                  "condition": null,
                  "settings": {
                    "DefaultValue": ""
                  },
                  "preValues": []
                },
                {
                  "caption": "City",
                  "tooltip": null,
                  "placeholder": null,
                  "cssClass": null,
                  "alias": "city",
                  "id": "a9ab156b-29ec-4364-f59d-d7e93eee1a81",
                  "fieldTypeId": "3f92e01b-29e2-4a30-bf33-9df5580ed52c",
                  "prevalueSourceId": "00000000-0000-0000-0000-000000000000",
                  "dataSourceFieldKey": null,
                  "mandatory": false,
                  "regex": null,
                  "requiredErrorMessage": null,
                  "invalidErrorMessage": null,
                  "condition": null,
                  "settings": {
                    "DefaultValue": ""
                  },
                  "preValues": []
                },
                {
                  "caption": "Province",
                  "tooltip": null,
                  "placeholder": null,
                  "cssClass": null,
                  "alias": "province",
                  "id": "3bf2d918-d626-4b86-b3cd-4b005c8a6b93",
                  "fieldTypeId": "3f92e01b-29e2-4a30-bf33-9df5580ed52c",
                  "prevalueSourceId": "00000000-0000-0000-0000-000000000000",
                  "dataSourceFieldKey": null,
                  "mandatory": false,
                  "regex": null,
                  "requiredErrorMessage": null,
                  "invalidErrorMessage": null,
                  "condition": null,
                  "settings": {
                    "DefaultValue": ""
                  },
                  "preValues": []
                },
                {
                  "caption": "Postal Code",
                  "tooltip": null,
                  "placeholder": null,
                  "cssClass": null,
                  "alias": "postalCode",
                  "id": "72a59709-acb4-47fb-872e-dee85ac74ebc",
                  "fieldTypeId": "3f92e01b-29e2-4a30-bf33-9df5580ed52c",
                  "prevalueSourceId": "00000000-0000-0000-0000-000000000000",
                  "dataSourceFieldKey": null,
                  "mandatory": false,
                  "regex": null,
                  "requiredErrorMessage": null,
                  "invalidErrorMessage": null,
                  "condition": null,
                  "settings": {
                    "DefaultValue": ""
                  },
                  "preValues": []
                },
                {
                  "caption": "Phone Number",
                  "tooltip": null,
                  "placeholder": null,
                  "cssClass": null,
                  "alias": "phoneNumber",
                  "id": "85b28ac3-670c-4e4e-e513-940e62b5e73f",
                  "fieldTypeId": "3f92e01b-29e2-4a30-bf33-9df5580ed52c",
                  "prevalueSourceId": "00000000-0000-0000-0000-000000000000",
                  "dataSourceFieldKey": null,
                  "mandatory": false,
                  "regex": null,
                  "requiredErrorMessage": null,
                  "invalidErrorMessage": null,
                  "condition": null,
                  "settings": {
                    "DefaultValue": ""
                  },
                  "preValues": []
                },
                {
                  "caption": "Email Address",
                  "tooltip": null,
                  "placeholder": null,
                  "cssClass": null,
                  "alias": "emailAddress",
                  "id": "0d8704d2-423d-4e4f-beb4-60368c1ac299",
                  "fieldTypeId": "3f92e01b-29e2-4a30-bf33-9df5580ed52c",
                  "prevalueSourceId": "00000000-0000-0000-0000-000000000000",
                  "dataSourceFieldKey": null,
                  "mandatory": true,
                  "regex": null,
                  "requiredErrorMessage": null,
                  "invalidErrorMessage": null,
                  "condition": null,
                  "settings": {
                    "DefaultValue": ""
                  },
                  "preValues": []
                },
                {
                  "caption": "Checkbox Policy field",
                  "tooltip": null,
                  "placeholder": null,
                  "cssClass": null,
                  "alias": "checkboxPolicyField",
                  "id": "99c68380-ab06-402f-ac6a-5a8e967929f3",
                  "fieldTypeId": "5c754dce-8e85-4c7a-9cd6-b35441d44691",
                  "prevalueSourceId": "00000000-0000-0000-0000-000000000000",
                  "dataSourceFieldKey": null,
                  "mandatory": true,
                  "regex": null,
                  "requiredErrorMessage": null,
                  "invalidErrorMessage": null,
                  "condition": null,
                  "settings": {
                    "Policy": "I would like to receive communications from Canadian Campus Communities"
                  },
                  "preValues": []
                },
                {
                  "caption": "Checkbox Policy field",
                  "tooltip": null,
                  "placeholder": null,
                  "cssClass": null,
                  "alias": "checkboxPolicyField",
                  "id": "6777c7f7-564c-4446-c6f4-dd4a4554db49",
                  "fieldTypeId": "5c754dce-8e85-4c7a-9cd6-b35441d44691",
                  "prevalueSourceId": "00000000-0000-0000-0000-000000000000",
                  "dataSourceFieldKey": null,
                  "mandatory": true,
                  "regex": null,
                  "requiredErrorMessage": null,
                  "invalidErrorMessage": null,
                  "condition": null,
                  "settings": {
                    "Policy": "I would like to receive electronic messages from Centennial College"
                  },
                  "preValues": []
                }
              ]
            }
          ],
          "condition": null
        }
      ],
      "caption": null,
      "sortOrder": 0,
      "id": "00000000-0000-0000-0000-000000000000",
      "form": "00000000-0000-0000-0000-000000000000"
    }
  ],
  "id": "6fb73a43-c74f-4ef0-a801-a12eee5f8e5a",
  "fieldIndicationType": "MarkMandatoryFields",
  "indicator": "*",
  "showValidationSummary": false,
  "hideFieldValidation": false,
  "requiredErrorMessage": "Please provide a value for {0}",
  "invalidErrorMessage": "Please provide a valid value for {0}",
  "messageOnSubmit": "Thank you",
  "goToPageOnSubmit": 0,
  "xPathOnSubmit": null,
  "manualApproval": false,
  "storeRecordsLocally": true,
  "cssClass": null,
  "disableDefaultStylesheet": false,
  "useClientDependency": false,
  "workflows": [
    "3d6aa08f-b80a-4a39-ade9-1e0013e53b15"
  ],
  "datasource": null,
  "submitLabel": "Submit",
  "nextLabel": "Next",
  "prevLabel": "Previous"
}