{
  "name": "SIE Partnership Application Form",
  "created": "2015-11-13T09:51:31.9247334-05:00",
  "pages": [
    {
      "fieldSets": [
        {
          "caption": null,
          "sortOrder": 0,
          "id": "745dfbaa-a7a9-4315-b5d3-b9073e7c71fb",
          "page": "00000000-0000-0000-0000-000000000000",
          "containers": [
            {
              "caption": null,
              "width": 12,
              "fields": [
                {
                  "caption": "Company Name",
                  "tooltip": null,
                  "placeholder": null,
                  "cssClass": null,
                  "alias": "companyName",
                  "id": "d540ca60-b924-48e0-f297-9e5d2ffb4424",
                  "fieldTypeId": "3f92e01b-29e2-4a30-bf33-9df5580ed52c",
                  "prevalueSourceId": "00000000-0000-0000-0000-000000000000",
                  "dataSourceFieldKey": null,
                  "mandatory": false,
                  "regex": null,
                  "requiredErrorMessage": null,
                  "invalidErrorMessage": null,
                  "condition": null,
                  "settings": {
                    "DefaultValue": ""
                  },
                  "preValues": []
                },
                {
                  "caption": "Address",
                  "tooltip": null,
                  "placeholder": null,
                  "cssClass": null,
                  "alias": "address",
                  "id": "85721229-8ca0-462b-ab0d-f9d5dcae7b64",
                  "fieldTypeId": "3f92e01b-29e2-4a30-bf33-9df5580ed52c",
                  "prevalueSourceId": "00000000-0000-0000-0000-000000000000",
                  "dataSourceFieldKey": null,
                  "mandatory": false,
                  "regex": null,
                  "requiredErrorMessage": null,
                  "invalidErrorMessage": null,
                  "condition": null,
                  "settings": {
                    "DefaultValue": ""
                  },
                  "preValues": []
                },
                {
                  "caption": "City",
                  "tooltip": "Example",
                  "placeholder": null,
                  "cssClass": null,
                  "alias": "city",
                  "id": "28f794d8-1c71-4f44-c1e7-41748a841b3d",
                  "fieldTypeId": "3f92e01b-29e2-4a30-bf33-9df5580ed52c",
                  "prevalueSourceId": "00000000-0000-0000-0000-000000000000",
                  "dataSourceFieldKey": null,
                  "mandatory": false,
                  "regex": null,
                  "requiredErrorMessage": null,
                  "invalidErrorMessage": null,
                  "condition": null,
                  "settings": {
                    "DefaultValue": ""
                  },
                  "preValues": []
                },
                {
                  "caption": "Province",
                  "tooltip": null,
                  "placeholder": null,
                  "cssClass": null,
                  "alias": "province",
                  "id": "eadb349d-26ad-457c-fd60-3bd9d28504e3",
                  "fieldTypeId": "3f92e01b-29e2-4a30-bf33-9df5580ed52c",
                  "prevalueSourceId": "00000000-0000-0000-0000-000000000000",
                  "dataSourceFieldKey": null,
                  "mandatory": false,
                  "regex": null,
                  "requiredErrorMessage": null,
                  "invalidErrorMessage": null,
                  "condition": null,
                  "settings": {
                    "DefaultValue": ""
                  },
                  "preValues": []
                },
                {
                  "caption": "Postal Code",
                  "tooltip": null,
                  "placeholder": null,
                  "cssClass": null,
                  "alias": "postalCode",
                  "id": "8fa7b906-bfdc-4390-8e11-738695331c2f",
                  "fieldTypeId": "3f92e01b-29e2-4a30-bf33-9df5580ed52c",
                  "prevalueSourceId": "00000000-0000-0000-0000-000000000000",
                  "dataSourceFieldKey": null,
                  "mandatory": false,
                  "regex": null,
                  "requiredErrorMessage": null,
                  "invalidErrorMessage": null,
                  "condition": null,
                  "settings": {
                    "DefaultValue": ""
                  },
                  "preValues": []
                },
                {
                  "caption": "Contact Person",
                  "tooltip": "First and Last Name",
                  "placeholder": null,
                  "cssClass": null,
                  "alias": "contactName",
                  "id": "811c2050-4875-4d1b-c2ea-959ed37df22b",
                  "fieldTypeId": "3f92e01b-29e2-4a30-bf33-9df5580ed52c",
                  "prevalueSourceId": "00000000-0000-0000-0000-000000000000",
                  "dataSourceFieldKey": null,
                  "mandatory": false,
                  "regex": null,
                  "requiredErrorMessage": null,
                  "invalidErrorMessage": null,
                  "condition": null,
                  "settings": {
                    "DefaultValue": ""
                  },
                  "preValues": []
                },
                {
                  "caption": "Phone Number",
                  "tooltip": null,
                  "placeholder": null,
                  "cssClass": null,
                  "alias": "phoneNumber",
                  "id": "92aa391c-a8c0-4eb4-a0e4-2943d4156ee2",
                  "fieldTypeId": "3f92e01b-29e2-4a30-bf33-9df5580ed52c",
                  "prevalueSourceId": "00000000-0000-0000-0000-000000000000",
                  "dataSourceFieldKey": null,
                  "mandatory": false,
                  "regex": null,
                  "requiredErrorMessage": null,
                  "invalidErrorMessage": null,
                  "condition": null,
                  "settings": {
                    "DefaultValue": ""
                  },
                  "preValues": []
                },
                {
                  "caption": "Email",
                  "tooltip": null,
                  "placeholder": null,
                  "cssClass": null,
                  "alias": "email",
                  "id": "4a4868af-16fd-459a-a2da-a564b9fb8d6f",
                  "fieldTypeId": "3f92e01b-29e2-4a30-bf33-9df5580ed52c",
                  "prevalueSourceId": "00000000-0000-0000-0000-000000000000",
                  "dataSourceFieldKey": null,
                  "mandatory": false,
                  "regex": null,
                  "requiredErrorMessage": null,
                  "invalidErrorMessage": null,
                  "condition": null,
                  "settings": {
                    "DefaultValue": ""
                  },
                  "preValues": []
                },
                {
                  "caption": "Company Size (Number of Employees)",
                  "tooltip": null,
                  "placeholder": null,
                  "cssClass": null,
                  "alias": "companySizeNumberOfEmployees",
                  "id": "c1e2a257-47a7-4fe8-97fe-c82fd52a0d61",
                  "fieldTypeId": "0dd29d42-a6a5-11de-a2f2-222256d89593",
                  "prevalueSourceId": "00000000-0000-0000-0000-000000000000",
                  "dataSourceFieldKey": null,
                  "mandatory": false,
                  "regex": null,
                  "requiredErrorMessage": null,
                  "invalidErrorMessage": null,
                  "condition": null,
                  "settings": {
                    "DefaultValue": ""
                  },
                  "preValues": [
                    "0-10",
                    "11-30",
                    "31-60",
                    "61-100",
                    "Above 100"
                  ]
                },
                {
                  "caption": "Related Sector",
                  "tooltip": null,
                  "placeholder": null,
                  "cssClass": null,
                  "alias": "relatedSector",
                  "id": "09d2fe7e-c886-48aa-a93b-c8068759d72e",
                  "fieldTypeId": "0dd29d42-a6a5-11de-a2f2-222256d89593",
                  "prevalueSourceId": "00000000-0000-0000-0000-000000000000",
                  "dataSourceFieldKey": null,
                  "mandatory": false,
                  "regex": null,
                  "requiredErrorMessage": null,
                  "invalidErrorMessage": null,
                  "condition": null,
                  "settings": {
                    "DefaultValue": ""
                  },
                  "preValues": [
                    "Aerospace",
                    "Automotive",
                    "Chemical",
                    "Clean Technology",
                    "Defense",
                    "Financial Services",
                    "Health Sciences",
                    "Information Communication Technology (ICT)",
                    "Steel",
                    "Other"
                  ]
                },
                {
                  "caption": "If Other, please share your Sector",
                  "tooltip": null,
                  "placeholder": null,
                  "cssClass": null,
                  "alias": "ifOtherPleaseShareYourSector",
                  "id": "43452a8e-d7a6-4591-d21f-fe021af29a04",
                  "fieldTypeId": "3f92e01b-29e2-4a30-bf33-9df5580ed52c",
                  "prevalueSourceId": "00000000-0000-0000-0000-000000000000",
                  "dataSourceFieldKey": null,
                  "mandatory": false,
                  "regex": null,
                  "requiredErrorMessage": null,
                  "invalidErrorMessage": null,
                  "condition": null,
                  "settings": {
                    "DefaultValue": ""
                  },
                  "preValues": []
                },
                {
                  "caption": "Engagement Interest",
                  "tooltip": "Check all that apply",
                  "placeholder": null,
                  "cssClass": null,
                  "alias": "engagementInterest",
                  "id": "0974460e-a5f3-4989-9434-74290cd56429",
                  "fieldTypeId": "fab43f20-a6bf-11de-a28f-9b5755d89593",
                  "prevalueSourceId": "00000000-0000-0000-0000-000000000000",
                  "dataSourceFieldKey": null,
                  "mandatory": false,
                  "regex": null,
                  "requiredErrorMessage": null,
                  "invalidErrorMessage": null,
                  "condition": null,
                  "settings": {
                    "DefaultValue": ""
                  },
                  "preValues": [
                    "Program or Curriculum Development",
                    "Program Advisory Committees",
                    "Applied Research",
                    "Co-op Students",
                    "Corporate Training",
                    "Scholarships",
                    "Donations",
                    "Other"
                  ]
                },
                {
                  "caption": "If Other, please share your Engagement Interest",
                  "tooltip": null,
                  "placeholder": null,
                  "cssClass": null,
                  "alias": "ifOtherPleaseShareYourEngagementInterest",
                  "id": "e93b4663-f402-4ee1-cd7b-0a528da5a35c",
                  "fieldTypeId": "3f92e01b-29e2-4a30-bf33-9df5580ed52c",
                  "prevalueSourceId": "00000000-0000-0000-0000-000000000000",
                  "dataSourceFieldKey": null,
                  "mandatory": false,
                  "regex": null,
                  "requiredErrorMessage": null,
                  "invalidErrorMessage": null,
                  "condition": null,
                  "settings": {
                    "DefaultValue": ""
                  },
                  "preValues": []
                },
                {
                  "caption": "History of Engagement",
                  "tooltip": "Check all that apply",
                  "placeholder": null,
                  "cssClass": null,
                  "alias": "historyOfEngagement",
                  "id": "104f8b3c-437d-4191-a99d-b12c2d6aee0c",
                  "fieldTypeId": "fab43f20-a6bf-11de-a28f-9b5755d89593",
                  "prevalueSourceId": "00000000-0000-0000-0000-000000000000",
                  "dataSourceFieldKey": null,
                  "mandatory": false,
                  "regex": null,
                  "requiredErrorMessage": null,
                  "invalidErrorMessage": null,
                  "condition": null,
                  "settings": {
                    "DefaultValue": ""
                  },
                  "preValues": [
                    "Alumni",
                    "Program Advisory Committee Member",
                    "Co-op Employer",
                    "Field Placement Employer",
                    "Donor",
                    "Other"
                  ]
                },
                {
                  "caption": "If Other, please share your History of Engagement",
                  "tooltip": null,
                  "placeholder": null,
                  "cssClass": null,
                  "alias": "ifOtherPleaseShareYourHistoryOfEngagement",
                  "id": "2f9ce1ca-f1cd-4485-8f81-6d1de201ee0b",
                  "fieldTypeId": "3f92e01b-29e2-4a30-bf33-9df5580ed52c",
                  "prevalueSourceId": "00000000-0000-0000-0000-000000000000",
                  "dataSourceFieldKey": null,
                  "mandatory": false,
                  "regex": null,
                  "requiredErrorMessage": null,
                  "invalidErrorMessage": null,
                  "condition": null,
                  "settings": {
                    "DefaultValue": ""
                  },
                  "preValues": []
                },
                {
                  "caption": "Preferred Communications Style",
                  "tooltip": null,
                  "placeholder": null,
                  "cssClass": null,
                  "alias": "preferredCommunicationsStyle",
                  "id": "24f58bd9-d925-4881-a38f-347edfdb7450",
                  "fieldTypeId": "0dd29d42-a6a5-11de-a2f2-222256d89593",
                  "prevalueSourceId": "00000000-0000-0000-0000-000000000000",
                  "dataSourceFieldKey": null,
                  "mandatory": false,
                  "regex": null,
                  "requiredErrorMessage": null,
                  "invalidErrorMessage": null,
                  "condition": null,
                  "settings": {
                    "DefaultValue": ""
                  },
                  "preValues": [
                    "Phone",
                    "Email"
                  ]
                },
                {
                  "caption": "How did you hear about the Signature Industry Experience",
                  "tooltip": null,
                  "placeholder": null,
                  "cssClass": null,
                  "alias": "howDidYouHearAboutTheSignatureIndustryExperience",
                  "id": "982a28a2-7417-4f6b-85c4-c6a0d165fdd3",
                  "fieldTypeId": "0dd29d42-a6a5-11de-a2f2-222256d89593",
                  "prevalueSourceId": "00000000-0000-0000-0000-000000000000",
                  "dataSourceFieldKey": null,
                  "mandatory": false,
                  "regex": null,
                  "requiredErrorMessage": null,
                  "invalidErrorMessage": null,
                  "condition": null,
                  "settings": {
                    "DefaultValue": ""
                  },
                  "preValues": [
                    "Website",
                    "Event",
                    "Advertisement",
                    "Personal Referral",
                    "Other"
                  ]
                },
                {
                  "caption": "If Personal Referral, please share who referred you",
                  "tooltip": null,
                  "placeholder": null,
                  "cssClass": null,
                  "alias": "ifPersonalReferralPleaseShareWhoReferredYou",
                  "id": "92550def-3edd-46b3-e820-a3898d35b311",
                  "fieldTypeId": "3f92e01b-29e2-4a30-bf33-9df5580ed52c",
                  "prevalueSourceId": "00000000-0000-0000-0000-000000000000",
                  "dataSourceFieldKey": null,
                  "mandatory": false,
                  "regex": null,
                  "requiredErrorMessage": null,
                  "invalidErrorMessage": null,
                  "condition": null,
                  "settings": {
                    "DefaultValue": ""
                  },
                  "preValues": []
                },
                {
                  "caption": "Are you Alumni?",
                  "tooltip": null,
                  "placeholder": null,
                  "cssClass": null,
                  "alias": "areYouAlumni",
                  "id": "045ed7b4-8c44-4136-d8c8-91900c4a4bae",
                  "fieldTypeId": "903df9b0-a78c-11de-9fc1-db7a56d89593",
                  "prevalueSourceId": "00000000-0000-0000-0000-000000000000",
                  "dataSourceFieldKey": null,
                  "mandatory": false,
                  "regex": null,
                  "requiredErrorMessage": null,
                  "invalidErrorMessage": null,
                  "condition": null,
                  "settings": {
                    "DefaultValue": ""
                  },
                  "preValues": [
                    "Yes",
                    "No"
                  ]
                },
                {
                  "caption": "Checkbox Policy field",
                  "tooltip": null,
                  "placeholder": null,
                  "cssClass": null,
                  "alias": "checkboxPolicyField",
                  "id": "4cba0829-8872-4074-a0fb-9d611d6bc40a",
                  "fieldTypeId": "5c754dce-8e85-4c7a-9cd6-b35441d44691",
                  "prevalueSourceId": "00000000-0000-0000-0000-000000000000",
                  "dataSourceFieldKey": null,
                  "mandatory": false,
                  "regex": null,
                  "requiredErrorMessage": null,
                  "invalidErrorMessage": null,
                  "condition": null,
                  "settings": {
                    "Policy": "I would like to receive electronic messages from Centennial College"
                  },
                  "preValues": []
                }
              ]
            }
          ],
          "condition": null
        }
      ],
      "caption": "",
      "sortOrder": 0,
      "id": "00000000-0000-0000-0000-000000000000",
      "form": "00000000-0000-0000-0000-000000000000"
    }
  ],
  "id": "708450b6-58bd-46ed-bd40-8c0aff2b3d89",
  "fieldIndicationType": "MarkMandatoryFields",
  "indicator": "*",
  "showValidationSummary": false,
  "hideFieldValidation": false,
  "requiredErrorMessage": "Please provide a value for {0}",
  "invalidErrorMessage": "Please provide a valid value for {0}",
  "messageOnSubmit": "Thank you",
  "goToPageOnSubmit": 0,
  "xPathOnSubmit": null,
  "manualApproval": false,
  "storeRecordsLocally": true,
  "cssClass": null,
  "disableDefaultStylesheet": false,
  "useClientDependency": false,
  "workflows": [
    "b61434d4-3748-48b1-9097-22530ccea5ac"
  ],
  "datasource": null,
  "submitLabel": "Submit",
  "nextLabel": "Next",
  "prevLabel": "Previous"
}