{
  "name": "Field Placement Description",
  "created": "2015-08-14T12:12:15.8061095-04:00",
  "pages": [
    {
      "fieldSets": [
        {
          "caption": null,
          "sortOrder": 0,
          "id": "55edee23-71f7-4146-a897-4e0fcab4aef4",
          "page": "00000000-0000-0000-0000-000000000000",
          "containers": [
            {
              "caption": null,
              "width": 12,
              "fields": [
                {
                  "caption": "Email Address",
                  "tooltip": null,
                  "placeholder": null,
                  "cssClass": null,
                  "alias": "emailAddress",
                  "id": "f0b34f23-5135-48ff-c37c-a9d3c90c17b1",
                  "fieldTypeId": "3f92e01b-29e2-4a30-bf33-9df5580ed52c",
                  "prevalueSourceId": "00000000-0000-0000-0000-000000000000",
                  "dataSourceFieldKey": null,
                  "mandatory": false,
                  "regex": null,
                  "requiredErrorMessage": null,
                  "invalidErrorMessage": null,
                  "condition": null,
                  "settings": {
                    "DefaultValue": ""
                  },
                  "preValues": []
                },
                {
                  "caption": "Organization",
                  "tooltip": null,
                  "placeholder": null,
                  "cssClass": null,
                  "alias": "organization",
                  "id": "bc354216-4a71-496e-8d86-bf3a9451a224",
                  "fieldTypeId": "3f92e01b-29e2-4a30-bf33-9df5580ed52c",
                  "prevalueSourceId": "00000000-0000-0000-0000-000000000000",
                  "dataSourceFieldKey": null,
                  "mandatory": false,
                  "regex": null,
                  "requiredErrorMessage": null,
                  "invalidErrorMessage": null,
                  "condition": null,
                  "settings": {
                    "DefaultValue": ""
                  },
                  "preValues": []
                },
                {
                  "caption": "Address",
                  "tooltip": null,
                  "placeholder": null,
                  "cssClass": null,
                  "alias": "address",
                  "id": "96beae3a-84b6-4a24-f41e-c24561b1fd19",
                  "fieldTypeId": "3f92e01b-29e2-4a30-bf33-9df5580ed52c",
                  "prevalueSourceId": "00000000-0000-0000-0000-000000000000",
                  "dataSourceFieldKey": null,
                  "mandatory": false,
                  "regex": null,
                  "requiredErrorMessage": null,
                  "invalidErrorMessage": null,
                  "condition": null,
                  "settings": {
                    "DefaultValue": ""
                  },
                  "preValues": []
                },
                {
                  "caption": "Student's Supervisor",
                  "tooltip": null,
                  "placeholder": null,
                  "cssClass": null,
                  "alias": "studentSSupervisor",
                  "id": "18fdc716-0306-4ab4-87e7-e74f9f8a1f85",
                  "fieldTypeId": "3f92e01b-29e2-4a30-bf33-9df5580ed52c",
                  "prevalueSourceId": "00000000-0000-0000-0000-000000000000",
                  "dataSourceFieldKey": null,
                  "mandatory": false,
                  "regex": null,
                  "requiredErrorMessage": null,
                  "invalidErrorMessage": null,
                  "condition": null,
                  "settings": {
                    "DefaultValue": ""
                  },
                  "preValues": []
                },
                {
                  "caption": "Title",
                  "tooltip": null,
                  "placeholder": null,
                  "cssClass": null,
                  "alias": "title",
                  "id": "c1b8a645-d216-4919-f48c-1986f1eb227d",
                  "fieldTypeId": "3f92e01b-29e2-4a30-bf33-9df5580ed52c",
                  "prevalueSourceId": "00000000-0000-0000-0000-000000000000",
                  "dataSourceFieldKey": null,
                  "mandatory": false,
                  "regex": null,
                  "requiredErrorMessage": null,
                  "invalidErrorMessage": null,
                  "condition": null,
                  "settings": {
                    "DefaultValue": ""
                  },
                  "preValues": []
                },
                {
                  "caption": "Telephone",
                  "tooltip": null,
                  "placeholder": null,
                  "cssClass": null,
                  "alias": "telephone",
                  "id": "41c1916d-4b84-468c-ea41-a4a4b4778a3a",
                  "fieldTypeId": "3f92e01b-29e2-4a30-bf33-9df5580ed52c",
                  "prevalueSourceId": "00000000-0000-0000-0000-000000000000",
                  "dataSourceFieldKey": null,
                  "mandatory": false,
                  "regex": null,
                  "requiredErrorMessage": null,
                  "invalidErrorMessage": null,
                  "condition": null,
                  "settings": {
                    "DefaultValue": ""
                  },
                  "preValues": []
                },
                {
                  "caption": "1. Work Environment - Please describe your department (the pace, atmosphere, environment, etc.):",
                  "tooltip": null,
                  "placeholder": null,
                  "cssClass": null,
                  "alias": "workEnvironmentPleaseDescribeYourDepartmentThePaceAtmosphereEnvironmentEtc",
                  "id": "1a967b7a-9f02-49cd-fedf-e31de3d4291b",
                  "fieldTypeId": "023f09ac-1445-4bcb-b8fa-ab49f33bd046",
                  "prevalueSourceId": "00000000-0000-0000-0000-000000000000",
                  "dataSourceFieldKey": null,
                  "mandatory": false,
                  "regex": null,
                  "requiredErrorMessage": null,
                  "invalidErrorMessage": null,
                  "condition": null,
                  "settings": {
                    "DefaultValue": ""
                  },
                  "preValues": []
                },
                {
                  "caption": "2. Duties and Assignment - Please list the assignments and projects the student will undertake. List jobs in priority order:",
                  "tooltip": null,
                  "placeholder": null,
                  "cssClass": null,
                  "alias": "dutiesAndAssignmentPleaseListTheAssignmentsAndProjectsTheStudentWillUndertakeListJobsInPriorityOrder",
                  "id": "9fb14414-ac0e-4eb9-fc0d-466ec47512a2",
                  "fieldTypeId": "023f09ac-1445-4bcb-b8fa-ab49f33bd046",
                  "prevalueSourceId": "00000000-0000-0000-0000-000000000000",
                  "dataSourceFieldKey": null,
                  "mandatory": false,
                  "regex": null,
                  "requiredErrorMessage": null,
                  "invalidErrorMessage": null,
                  "condition": null,
                  "settings": {
                    "DefaultValue": ""
                  },
                  "preValues": []
                },
                {
                  "caption": "3. Skills Required",
                  "tooltip": null,
                  "placeholder": null,
                  "cssClass": null,
                  "alias": "skillsRequired",
                  "id": "a06a72ba-c390-4331-d176-5276350c843d",
                  "fieldTypeId": "fab43f20-a6bf-11de-a28f-9b5755d89593",
                  "prevalueSourceId": "00000000-0000-0000-0000-000000000000",
                  "dataSourceFieldKey": null,
                  "mandatory": false,
                  "regex": null,
                  "requiredErrorMessage": null,
                  "invalidErrorMessage": null,
                  "condition": null,
                  "settings": {
                    "DefaultValue": ""
                  },
                  "preValues": [
                    "Strong Writing",
                    "Media Relations",
                    "Event Management",
                    "Copy Editing",
                    "Project Management",
                    "Web Content",
                    "Research",
                    "Graphic Design",
                    "Planning",
                    "Social Media"
                  ]
                },
                {
                  "caption": "4. What computer workstation will the student be using?",
                  "tooltip": null,
                  "placeholder": null,
                  "cssClass": null,
                  "alias": "whatComputerWorkstationWillTheStudentBeUsing",
                  "id": "eb39c588-b9a7-4445-ec4f-e6ce4a560e1d",
                  "fieldTypeId": "0dd29d42-a6a5-11de-a2f2-222256d89593",
                  "prevalueSourceId": "00000000-0000-0000-0000-000000000000",
                  "dataSourceFieldKey": null,
                  "mandatory": false,
                  "regex": null,
                  "requiredErrorMessage": null,
                  "invalidErrorMessage": null,
                  "condition": null,
                  "settings": {
                    "DefaultValue": ""
                  },
                  "preValues": [
                    "PC",
                    "Mac",
                    "Both"
                  ]
                },
                {
                  "caption": "5. Work hours - please indicate the start and end times.",
                  "tooltip": null,
                  "placeholder": null,
                  "cssClass": null,
                  "alias": "workHoursPleaseIndicateTheStartAndEndTimes",
                  "id": "b6b5fed6-a760-45cf-af82-febf799d2ab6",
                  "fieldTypeId": "3f92e01b-29e2-4a30-bf33-9df5580ed52c",
                  "prevalueSourceId": "00000000-0000-0000-0000-000000000000",
                  "dataSourceFieldKey": null,
                  "mandatory": false,
                  "regex": null,
                  "requiredErrorMessage": null,
                  "invalidErrorMessage": null,
                  "condition": null,
                  "settings": {
                    "DefaultValue": ""
                  },
                  "preValues": []
                },
                {
                  "caption": "6. Key Messages - What key messages about your organization would convince a student to do a Field Placement with you?",
                  "tooltip": null,
                  "placeholder": null,
                  "cssClass": null,
                  "alias": "keyMessagesWhatKeyMessagesAboutYourOrganizationWouldConvinceAStudentToDoAFieldPlacementWithYou",
                  "id": "66f93c86-e51a-422f-d221-436ced65c1c9",
                  "fieldTypeId": "023f09ac-1445-4bcb-b8fa-ab49f33bd046",
                  "prevalueSourceId": "00000000-0000-0000-0000-000000000000",
                  "dataSourceFieldKey": null,
                  "mandatory": false,
                  "regex": null,
                  "requiredErrorMessage": null,
                  "invalidErrorMessage": null,
                  "condition": null,
                  "settings": {
                    "DefaultValue": ""
                  },
                  "preValues": []
                },
                {
                  "caption": "7. What documentation should students forward to you, and what method of transmission do you prefer?",
                  "tooltip": null,
                  "placeholder": null,
                  "cssClass": null,
                  "alias": "whatDocumentationShouldStudentsForwardToYouAndWhatMethodOfTransmissionDoYouPrefer",
                  "id": "7bd08f0c-2d9c-4a6c-8bc5-555445c3786e",
                  "fieldTypeId": "fab43f20-a6bf-11de-a28f-9b5755d89593",
                  "prevalueSourceId": "00000000-0000-0000-0000-000000000000",
                  "dataSourceFieldKey": null,
                  "mandatory": false,
                  "regex": null,
                  "requiredErrorMessage": null,
                  "invalidErrorMessage": null,
                  "condition": null,
                  "settings": {
                    "DefaultValue": ""
                  },
                  "preValues": [
                    "Resume",
                    "Cover Letter",
                    "Email",
                    "Fax",
                    "Regular Mail"
                  ]
                }
              ]
            }
          ],
          "condition": null
        }
      ],
      "caption": "Field Placement Description",
      "sortOrder": 0,
      "id": "00000000-0000-0000-0000-000000000000",
      "form": "00000000-0000-0000-0000-000000000000"
    }
  ],
  "id": "7e00c477-f5e0-4b61-a606-9482efad89cb",
  "fieldIndicationType": "MarkMandatoryFields",
  "indicator": "*",
  "showValidationSummary": false,
  "hideFieldValidation": false,
  "requiredErrorMessage": "Please provide a value for {0}",
  "invalidErrorMessage": "Please provide a valid value for {0}",
  "messageOnSubmit": "Thank you",
  "goToPageOnSubmit": 51971,
  "xPathOnSubmit": null,
  "manualApproval": false,
  "storeRecordsLocally": true,
  "cssClass": null,
  "disableDefaultStylesheet": false,
  "useClientDependency": false,
  "workflows": [
    "34c7f6d0-be1c-4c35-821c-4e585ea815bd"
  ],
  "datasource": null,
  "submitLabel": "Submit",
  "nextLabel": "Next",
  "prevLabel": "Previous"
}