{
  "name": "denise test",
  "created": "2015-09-01T21:49:06.9211674-04:00",
  "pages": [
    {
      "fieldSets": [
        {
          "caption": null,
          "sortOrder": 0,
          "id": "586dbcc6-dba5-49e0-9544-31375d2d7411",
          "page": "00000000-0000-0000-0000-000000000000",
          "containers": [
            {
              "caption": null,
              "width": 12,
              "fields": [
                {
                  "caption": "WCAG Date Picker field",
                  "tooltip": null,
                  "placeholder": null,
                  "cssClass": null,
                  "alias": "wcagDatePickerField",
                  "id": "5e6d1f6b-13af-4fbe-96e1-9194ab58faf7",
                  "fieldTypeId": "227d26b2-0a7f-4cf6-be70-fcc87861c599",
                  "prevalueSourceId": "00000000-0000-0000-0000-000000000000",
                  "dataSourceFieldKey": null,
                  "mandatory": false,
                  "regex": null,
                  "requiredErrorMessage": null,
                  "invalidErrorMessage": null,
                  "condition": {
                    "id": "00000000-0000-0000-0000-000000000000",
                    "enabled": false,
                    "actionType": "Show",
                    "logicType": "Any",
                    "rules": []
                  },
                  "settings": {},
                  "preValues": []
                },
                {
                  "caption": "Textfield field",
                  "tooltip": null,
                  "placeholder": null,
                  "cssClass": null,
                  "alias": "textfieldField",
                  "id": "53cb0d09-ed23-45a4-940d-6a13b4a0b5de",
                  "fieldTypeId": "3f92e01b-29e2-4a30-bf33-9df5580ed52c",
                  "prevalueSourceId": "00000000-0000-0000-0000-000000000000",
                  "dataSourceFieldKey": null,
                  "mandatory": false,
                  "regex": null,
                  "requiredErrorMessage": null,
                  "invalidErrorMessage": null,
                  "condition": null,
                  "settings": {
                    "DefaultValue": ""
                  },
                  "preValues": []
                },
                {
                  "caption": "CheckBoxList field",
                  "tooltip": null,
                  "placeholder": null,
                  "cssClass": null,
                  "alias": "checkboxlistField",
                  "id": "d20ae84a-76a0-46ba-8c45-51bc799208bb",
                  "fieldTypeId": "fab43f20-a6bf-11de-a28f-9b5755d89593",
                  "prevalueSourceId": "00000000-0000-0000-0000-000000000000",
                  "dataSourceFieldKey": null,
                  "mandatory": false,
                  "regex": null,
                  "requiredErrorMessage": null,
                  "invalidErrorMessage": null,
                  "condition": null,
                  "settings": {
                    "DefaultValue": ""
                  },
                  "preValues": [
                    "sdf",
                    "sdfyhrrgr"
                  ]
                }
              ]
            }
          ],
          "condition": null
        }
      ],
      "caption": "denise test",
      "sortOrder": 0,
      "id": "00000000-0000-0000-0000-000000000000",
      "form": "00000000-0000-0000-0000-000000000000"
    }
  ],
  "id": "83c6d0e0-b204-449f-8caf-8fa81da2812e",
  "fieldIndicationType": "MarkMandatoryFields",
  "indicator": "*",
  "showValidationSummary": false,
  "hideFieldValidation": false,
  "requiredErrorMessage": "Please provide a value for {0}",
  "invalidErrorMessage": "Please provide a valid value for {0}",
  "messageOnSubmit": "Thank you",
  "goToPageOnSubmit": 0,
  "xPathOnSubmit": null,
  "manualApproval": false,
  "storeRecordsLocally": true,
  "cssClass": null,
  "disableDefaultStylesheet": false,
  "useClientDependency": false,
  "workflows": [
    "2e57a494-2179-4e3d-8ad2-34969690de0b"
  ],
  "datasource": null,
  "submitLabel": "Submit",
  "nextLabel": "Next",
  "prevLabel": "Previous"
}