{
  "name": "International Student Online Letter Request Form",
  "created": "2015-08-19T10:30:32.7249741-04:00",
  "pages": [
    {
      "fieldSets": [
        {
          "caption": null,
          "sortOrder": 0,
          "id": "6ccb6966-37eb-4f58-bd23-86fa167a0894",
          "page": "00000000-0000-0000-0000-000000000000",
          "containers": [
            {
              "caption": null,
              "width": 12,
              "fields": [
                {
                  "caption": "",
                  "tooltip": null,
                  "placeholder": null,
                  "cssClass": null,
                  "alias": "",
                  "id": "a71e839c-7497-4aa3-e687-c846d6c5e77d",
                  "fieldTypeId": "e3fbf6c4-f46c-495e-aff8-4b3c227b4a98",
                  "prevalueSourceId": "00000000-0000-0000-0000-000000000000",
                  "dataSourceFieldKey": null,
                  "mandatory": false,
                  "regex": null,
                  "requiredErrorMessage": null,
                  "invalidErrorMessage": null,
                  "condition": null,
                  "settings": {
                    "Caption": "",
                    "BodyText": "All fields marked with an asterisk (*) are mandatory. Please ensure you fill in all these fields before clicking Submit."
                  },
                  "preValues": []
                },
                {
                  "caption": "First Name",
                  "tooltip": null,
                  "placeholder": null,
                  "cssClass": null,
                  "alias": "firstName",
                  "id": "59e8faa7-bcef-4674-8c0d-31a647207684",
                  "fieldTypeId": "3f92e01b-29e2-4a30-bf33-9df5580ed52c",
                  "prevalueSourceId": "00000000-0000-0000-0000-000000000000",
                  "dataSourceFieldKey": null,
                  "mandatory": true,
                  "regex": null,
                  "requiredErrorMessage": "Please enter a First Name",
                  "invalidErrorMessage": null,
                  "condition": null,
                  "settings": {
                    "DefaultValue": ""
                  },
                  "preValues": []
                },
                {
                  "caption": "Last Name",
                  "tooltip": null,
                  "placeholder": null,
                  "cssClass": null,
                  "alias": "lastName",
                  "id": "2de165df-2c30-4751-a83b-a5eded474f20",
                  "fieldTypeId": "3f92e01b-29e2-4a30-bf33-9df5580ed52c",
                  "prevalueSourceId": "00000000-0000-0000-0000-000000000000",
                  "dataSourceFieldKey": null,
                  "mandatory": true,
                  "regex": null,
                  "requiredErrorMessage": "Please enter a Last Name",
                  "invalidErrorMessage": null,
                  "condition": null,
                  "settings": {
                    "DefaultValue": ""
                  },
                  "preValues": []
                },
                {
                  "caption": "Student Number",
                  "tooltip": null,
                  "placeholder": null,
                  "cssClass": null,
                  "alias": "studentNumber",
                  "id": "5b514428-72a4-4015-b36f-80db41b6b906",
                  "fieldTypeId": "3f92e01b-29e2-4a30-bf33-9df5580ed52c",
                  "prevalueSourceId": "00000000-0000-0000-0000-000000000000",
                  "dataSourceFieldKey": null,
                  "mandatory": true,
                  "regex": null,
                  "requiredErrorMessage": "Please enter a Student Number",
                  "invalidErrorMessage": null,
                  "condition": null,
                  "settings": {
                    "DefaultValue": ""
                  },
                  "preValues": []
                },
                {
                  "caption": "myCentennial Email",
                  "tooltip": null,
                  "placeholder": null,
                  "cssClass": null,
                  "alias": "mycentennialEmail",
                  "id": "c0c94af1-92ec-41d0-d45a-1a457eb3ac31",
                  "fieldTypeId": "3f92e01b-29e2-4a30-bf33-9df5580ed52c",
                  "prevalueSourceId": "00000000-0000-0000-0000-000000000000",
                  "dataSourceFieldKey": null,
                  "mandatory": true,
                  "regex": null,
                  "requiredErrorMessage": "Please enter a myCentennial email address",
                  "invalidErrorMessage": null,
                  "condition": null,
                  "settings": {
                    "DefaultValue": ""
                  },
                  "preValues": []
                },
                {
                  "caption": "Program Code (4 characters)",
                  "tooltip": null,
                  "placeholder": null,
                  "cssClass": null,
                  "alias": "programCode4Characters",
                  "id": "81066286-50f8-47ac-8c9c-cc6d09a9f010",
                  "fieldTypeId": "3f92e01b-29e2-4a30-bf33-9df5580ed52c",
                  "prevalueSourceId": "00000000-0000-0000-0000-000000000000",
                  "dataSourceFieldKey": null,
                  "mandatory": true,
                  "regex": "^[0-9]{4}$",
                  "requiredErrorMessage": "Please enter a Program Code",
                  "invalidErrorMessage": "The code is invalid. Please enter your 4 digits code.",
                  "condition": null,
                  "settings": {
                    "DefaultValue": ""
                  },
                  "preValues": []
                },
                {
                  "caption": "Expected Program End Date",
                  "tooltip": "",
                  "placeholder": null,
                  "cssClass": null,
                  "alias": "expectedProgramEndDate",
                  "id": "6a635942-8115-4726-899e-a725732dd91c",
                  "fieldTypeId": "227d26b2-0a7f-4cf6-be70-fcc87861c599",
                  "prevalueSourceId": "00000000-0000-0000-0000-000000000000",
                  "dataSourceFieldKey": null,
                  "mandatory": true,
                  "regex": "",
                  "requiredErrorMessage": "Please enter an Expected Program End Date",
                  "invalidErrorMessage": "Invalid date (MM/DD/YYYY)",
                  "condition": null,
                  "settings": {},
                  "preValues": []
                },
                {
                  "caption": "Client ID/UCI (8-digit number found on your study permit)",
                  "tooltip": null,
                  "placeholder": null,
                  "cssClass": null,
                  "alias": "clientIDUciLocatedOnTheTopRightHandCornerOfYourStudyPermit",
                  "id": "2fb9841f-96b1-4903-e98b-39891d06f07f",
                  "fieldTypeId": "3f92e01b-29e2-4a30-bf33-9df5580ed52c",
                  "prevalueSourceId": "00000000-0000-0000-0000-000000000000",
                  "dataSourceFieldKey": null,
                  "mandatory": true,
                  "regex": "^[0-9]{8}$",
                  "requiredErrorMessage": "Please enter a Client ID/UCI",
                  "invalidErrorMessage": "The ClientID/UCI is invalid. Please enter your 8 digits ID",
                  "condition": null,
                  "settings": {
                    "DefaultValue": ""
                  },
                  "preValues": []
                },
                {
                  "caption": "Study Permit Expiration Date",
                  "tooltip": "",
                  "placeholder": null,
                  "cssClass": null,
                  "alias": "studyPermitExpirationDate",
                  "id": "f22ff9b2-77a2-476d-f623-67cecce2eb8a",
                  "fieldTypeId": "227d26b2-0a7f-4cf6-be70-fcc87861c599",
                  "prevalueSourceId": "00000000-0000-0000-0000-000000000000",
                  "dataSourceFieldKey": null,
                  "mandatory": true,
                  "regex": "",
                  "requiredErrorMessage": null,
                  "invalidErrorMessage": "Invalid date (MM/DD/YYYY)",
                  "condition": null,
                  "settings": {},
                  "preValues": []
                },
                {
                  "caption": "Purpose of Letter",
                  "tooltip": null,
                  "placeholder": null,
                  "cssClass": null,
                  "alias": "typeOfLetterRequired",
                  "id": "59f04a21-7076-4300-d04d-69304c640e1c",
                  "fieldTypeId": "903df9b0-a78c-11de-9fc1-db7a56d89593",
                  "prevalueSourceId": "00000000-0000-0000-0000-000000000000",
                  "dataSourceFieldKey": null,
                  "mandatory": true,
                  "regex": null,
                  "requiredErrorMessage": "Please select the type of letter required",
                  "invalidErrorMessage": null,
                  "condition": {
                    "id": "00000000-0000-0000-0000-000000000000",
                    "enabled": true,
                    "actionType": "Show",
                    "logicType": "All",
                    "rules": []
                  },
                  "settings": {
                    "DefaultValue": ""
                  },
                  "preValues": [
                    "Letter of Enrolment (LOE)",
                    "Co-op Work Permit Letter",
                    "Bank Letter"
                  ]
                },
                {
                  "caption": "If you selected Bank Letter, please indicate for which semester(s) you require a letter, eg. Fall 2016, Winter 2017, etc",
                  "tooltip": null,
                  "placeholder": null,
                  "cssClass": null,
                  "alias": "bankLetter",
                  "id": "27fd69c4-52c9-4d8e-9cbc-57c3e54d32f8",
                  "fieldTypeId": "3f92e01b-29e2-4a30-bf33-9df5580ed52c",
                  "prevalueSourceId": "00000000-0000-0000-0000-000000000000",
                  "dataSourceFieldKey": null,
                  "mandatory": false,
                  "regex": null,
                  "requiredErrorMessage": null,
                  "invalidErrorMessage": null,
                  "condition": {
                    "id": "00000000-0000-0000-0000-000000000000",
                    "enabled": true,
                    "actionType": "Show",
                    "logicType": "Any",
                    "rules": []
                  },
                  "settings": {
                    "DefaultValue": ""
                  },
                  "preValues": [
                    "Fall 2016",
                    "Winter 2017"
                  ]
                },
                {
                  "caption": "Notes",
                  "tooltip": null,
                  "placeholder": null,
                  "cssClass": null,
                  "alias": "ifYouSelectedTheConfirmationOfEnrolmentOtherLetterTypePleaseSpecifyThePurposeOfTheConfirmationOfEnrolmentLetter",
                  "id": "be31a01f-6c88-4eaa-abb9-81197cb6c7b7",
                  "fieldTypeId": "023f09ac-1445-4bcb-b8fa-ab49f33bd046",
                  "prevalueSourceId": "00000000-0000-0000-0000-000000000000",
                  "dataSourceFieldKey": null,
                  "mandatory": false,
                  "regex": null,
                  "requiredErrorMessage": null,
                  "invalidErrorMessage": null,
                  "condition": null,
                  "settings": {
                    "DefaultValue": ""
                  },
                  "preValues": []
                },
                {
                  "caption": "Delivery Method",
                  "tooltip": null,
                  "placeholder": null,
                  "cssClass": null,
                  "alias": "deliveryMethod",
                  "id": "83b0e1e0-a7fd-4094-b42f-0ddc1a8e19c9",
                  "fieldTypeId": "903df9b0-a78c-11de-9fc1-db7a56d89593",
                  "prevalueSourceId": "00000000-0000-0000-0000-000000000000",
                  "dataSourceFieldKey": null,
                  "mandatory": true,
                  "regex": null,
                  "requiredErrorMessage": "Please select a delivery method",
                  "invalidErrorMessage": null,
                  "condition": {
                    "id": "00000000-0000-0000-0000-000000000000",
                    "enabled": false,
                    "actionType": "Show",
                    "logicType": "All",
                    "rules": []
                  },
                  "settings": {
                    "DefaultValue": ""
                  },
                  "preValues": [
                    "Scan to myCentennial email",
                    "Pick up"
                  ]
                },
                {
                  "caption": "If you selected Pick up, please select which campus you would like to pick up the letter from",
                  "tooltip": null,
                  "placeholder": null,
                  "cssClass": null,
                  "alias": "ifYouSelectedThePickUpDeliveryMethodPleaseSelectWhichCampusYouWouldLikeToPickUpTheLetterFrom",
                  "id": "a694454a-8046-42b3-8cb5-06ea7dcf5551",
                  "fieldTypeId": "0dd29d42-a6a5-11de-a2f2-222256d89593",
                  "prevalueSourceId": "00000000-0000-0000-0000-000000000000",
                  "dataSourceFieldKey": null,
                  "mandatory": false,
                  "regex": null,
                  "requiredErrorMessage": null,
                  "invalidErrorMessage": null,
                  "condition": {
                    "id": "00000000-0000-0000-0000-000000000000",
                    "enabled": true,
                    "actionType": "Show",
                    "logicType": "Any",
                    "rules": []
                  },
                  "settings": {
                    "DefaultValue": ""
                  },
                  "preValues": [
                    "Ashtonbee Campus",
                    "Morningside Campus",
                    "Progress Campus",
                    "Story Arts Centre",
                    "Eglinton Learning Site"
                  ]
                },
                {
                  "caption": "I understand that:",
                  "tooltip": "",
                  "placeholder": null,
                  "cssClass": null,
                  "alias": "consent",
                  "id": "bdb4e5ce-1bff-4b6a-efb5-207e4ac71f7f",
                  "fieldTypeId": "5c754dce-8e85-4c7a-9cd6-b35441d44691",
                  "prevalueSourceId": "00000000-0000-0000-0000-000000000000",
                  "dataSourceFieldKey": null,
                  "mandatory": true,
                  "regex": null,
                  "requiredErrorMessage": "Please provide consent for Centennial College to contact you to continue",
                  "invalidErrorMessage": null,
                  "condition": null,
                  "settings": {
                    "Policy": "I understand that: *"
                  },
                  "preValues": [
                    "I understand that: My personal information from myCentennial will be used to draft this letter. It is my responsibility to keep my information updated on myCentennial.  I authorize Centennial College to email me with my requested letter and/or updates regarding this request.  I understand that my letter will take up to 10 business days to process."
                  ]
                },
                {
                  "caption": "I undersand that: *",
                  "tooltip": null,
                  "placeholder": null,
                  "cssClass": null,
                  "alias": "iUndersandThat",
                  "id": "43983041-13f8-42d3-ae8c-2c9948a6c2ee",
                  "fieldTypeId": "e3fbf6c4-f46c-495e-aff8-4b3c227b4a98",
                  "prevalueSourceId": "00000000-0000-0000-0000-000000000000",
                  "dataSourceFieldKey": null,
                  "mandatory": false,
                  "regex": null,
                  "requiredErrorMessage": null,
                  "invalidErrorMessage": null,
                  "condition": null,
                  "settings": {
                    "Caption": "",
                    "BodyText": "<ul style=\"margin-top: 5px !important;\"><li>My personal information from myCentennial will be used to draft this letter</li><li>It is my responsibility to keep my information updated on myCentennial</li><li>I authorize Centennial College to email me with my requested letter and/or updates regarding this request</li><li>I understand that my letter will take up to 10 business days to process</li>\n</ul>"
                  },
                  "preValues": []
                }
              ]
            }
          ],
          "condition": null
        }
      ],
      "caption": "",
      "sortOrder": 0,
      "id": "00000000-0000-0000-0000-000000000000",
      "form": "00000000-0000-0000-0000-000000000000"
    }
  ],
  "id": "9257fe22-ae3e-44fb-a8f1-31e496d7777f",
  "fieldIndicationType": "MarkMandatoryFields",
  "indicator": "*",
  "showValidationSummary": false,
  "hideFieldValidation": false,
  "requiredErrorMessage": "Please provide a value for {0}",
  "invalidErrorMessage": "Please provide a valid value for {0}",
  "messageOnSubmit": "Thank you",
  "goToPageOnSubmit": 52702,
  "xPathOnSubmit": null,
  "manualApproval": false,
  "storeRecordsLocally": true,
  "cssClass": null,
  "disableDefaultStylesheet": false,
  "useClientDependency": false,
  "workflows": [
    "2d3fc005-258e-4765-b318-ca35cb29893a"
  ],
  "datasource": null,
  "submitLabel": "Submit",
  "nextLabel": "Next",
  "prevLabel": "Previous"
}