{
  "name": "Confirmation of Enrolment Request Form",
  "created": "2015-08-14T11:30:12.6641016-04:00",
  "pages": [
    {
      "fieldSets": [
        {
          "caption": null,
          "sortOrder": 0,
          "id": "35e67666-e80d-4bfb-ac97-6e581fef4912",
          "page": "00000000-0000-0000-0000-000000000000",
          "containers": [
            {
              "caption": null,
              "width": 12,
              "fields": [
                {
                  "caption": "First Name",
                  "tooltip": null,
                  "placeholder": null,
                  "cssClass": null,
                  "alias": "firstName",
                  "id": "d17f9067-340f-44d7-e211-7068a551f8e5",
                  "fieldTypeId": "3f92e01b-29e2-4a30-bf33-9df5580ed52c",
                  "prevalueSourceId": "00000000-0000-0000-0000-000000000000",
                  "dataSourceFieldKey": null,
                  "mandatory": true,
                  "regex": null,
                  "requiredErrorMessage": null,
                  "invalidErrorMessage": null,
                  "condition": null,
                  "settings": {
                    "DefaultValue": ""
                  },
                  "preValues": []
                },
                {
                  "caption": "Last Name",
                  "tooltip": null,
                  "placeholder": null,
                  "cssClass": null,
                  "alias": "lastName",
                  "id": "3dff944b-2706-432b-cd05-9a63a22bd054",
                  "fieldTypeId": "3f92e01b-29e2-4a30-bf33-9df5580ed52c",
                  "prevalueSourceId": "00000000-0000-0000-0000-000000000000",
                  "dataSourceFieldKey": null,
                  "mandatory": true,
                  "regex": null,
                  "requiredErrorMessage": null,
                  "invalidErrorMessage": null,
                  "condition": null,
                  "settings": {
                    "DefaultValue": ""
                  },
                  "preValues": []
                },
                {
                  "caption": "Student Number",
                  "tooltip": null,
                  "placeholder": null,
                  "cssClass": null,
                  "alias": "studentNumber",
                  "id": "61b7dda5-e931-4c33-f923-e7f37cee40b0",
                  "fieldTypeId": "3f92e01b-29e2-4a30-bf33-9df5580ed52c",
                  "prevalueSourceId": "00000000-0000-0000-0000-000000000000",
                  "dataSourceFieldKey": null,
                  "mandatory": true,
                  "regex": null,
                  "requiredErrorMessage": null,
                  "invalidErrorMessage": null,
                  "condition": null,
                  "settings": {
                    "DefaultValue": ""
                  },
                  "preValues": []
                },
                {
                  "caption": "myCentennial Email",
                  "tooltip": null,
                  "placeholder": null,
                  "cssClass": null,
                  "alias": "mycentennialEmail",
                  "id": "0471bc61-4ef6-4bbe-a9e9-c849a8512191",
                  "fieldTypeId": "3f92e01b-29e2-4a30-bf33-9df5580ed52c",
                  "prevalueSourceId": "00000000-0000-0000-0000-000000000000",
                  "dataSourceFieldKey": null,
                  "mandatory": true,
                  "regex": null,
                  "requiredErrorMessage": null,
                  "invalidErrorMessage": null,
                  "condition": null,
                  "settings": {
                    "DefaultValue": ""
                  },
                  "preValues": []
                },
                {
                  "caption": "Client ID/UCI (located on the top right hand corner of your study permit)",
                  "tooltip": null,
                  "placeholder": null,
                  "cssClass": null,
                  "alias": "clientIDUciLocatedOnTheTopRightHandCornerOfYourStudyPermit",
                  "id": "8e370692-9338-455b-cd18-2489d68df5cf",
                  "fieldTypeId": "3f92e01b-29e2-4a30-bf33-9df5580ed52c",
                  "prevalueSourceId": "00000000-0000-0000-0000-000000000000",
                  "dataSourceFieldKey": null,
                  "mandatory": true,
                  "regex": null,
                  "requiredErrorMessage": null,
                  "invalidErrorMessage": null,
                  "condition": null,
                  "settings": {
                    "DefaultValue": ""
                  },
                  "preValues": []
                },
                {
                  "caption": "Study Permit Expiration Date",
                  "tooltip": null,
                  "placeholder": null,
                  "cssClass": null,
                  "alias": "studyPermitExpirationDate",
                  "id": "66fc1739-f71a-462d-cced-c7618c315d60",
                  "fieldTypeId": "227d26b2-0a7f-4cf6-be70-fcc87861c599",
                  "prevalueSourceId": "00000000-0000-0000-0000-000000000000",
                  "dataSourceFieldKey": null,
                  "mandatory": true,
                  "regex": null,
                  "requiredErrorMessage": null,
                  "invalidErrorMessage": null,
                  "condition": null,
                  "settings": {},
                  "preValues": []
                },
                {
                  "caption": "Program Code (4 characters)",
                  "tooltip": null,
                  "placeholder": null,
                  "cssClass": null,
                  "alias": "programCode4Characters",
                  "id": "1e34bda4-8f49-4a51-b62e-ba5df1842401",
                  "fieldTypeId": "3f92e01b-29e2-4a30-bf33-9df5580ed52c",
                  "prevalueSourceId": "00000000-0000-0000-0000-000000000000",
                  "dataSourceFieldKey": null,
                  "mandatory": true,
                  "regex": null,
                  "requiredErrorMessage": null,
                  "invalidErrorMessage": null,
                  "condition": null,
                  "settings": {
                    "DefaultValue": ""
                  },
                  "preValues": []
                },
                {
                  "caption": "Expected Program End Date",
                  "tooltip": null,
                  "placeholder": null,
                  "cssClass": null,
                  "alias": "expectedProgramEndDate",
                  "id": "b8c4d181-1b27-4342-d211-33a0a5b42a17",
                  "fieldTypeId": "227d26b2-0a7f-4cf6-be70-fcc87861c599",
                  "prevalueSourceId": "00000000-0000-0000-0000-000000000000",
                  "dataSourceFieldKey": null,
                  "mandatory": true,
                  "regex": null,
                  "requiredErrorMessage": null,
                  "invalidErrorMessage": null,
                  "condition": null,
                  "settings": {},
                  "preValues": []
                },
                {
                  "caption": "Type of Letter Required",
                  "tooltip": null,
                  "placeholder": null,
                  "cssClass": null,
                  "alias": "typeOfLetterRequired",
                  "id": "b6a2dde7-1b5f-47b7-e6db-c1c8ebf4d30b",
                  "fieldTypeId": "fab43f20-a6bf-11de-a28f-9b5755d89593",
                  "prevalueSourceId": "00000000-0000-0000-0000-000000000000",
                  "dataSourceFieldKey": null,
                  "mandatory": true,
                  "regex": null,
                  "requiredErrorMessage": null,
                  "invalidErrorMessage": null,
                  "condition": null,
                  "settings": {
                    "DefaultValue": ""
                  },
                  "preValues": [
                    "Study Permit",
                    "Temporary Resident Visa",
                    "Confirmation of Enrolment Social Insurance Number (SIN)",
                    "Confirmation of Enrolment (Other)"
                  ]
                },
                {
                  "caption": "If you selected the Confirmation of Enrolment (Other) letter type, please specify the purpose of the Confirmation of Enrolment Letter",
                  "tooltip": null,
                  "placeholder": null,
                  "cssClass": null,
                  "alias": "ifYouSelectedTheConfirmationOfEnrolmentOtherLetterTypePleaseSpecifyThePurposeOfTheConfirmationOfEnrolmentLetter",
                  "id": "8418c3cf-beed-419b-a195-ee2db12fd129",
                  "fieldTypeId": "3f92e01b-29e2-4a30-bf33-9df5580ed52c",
                  "prevalueSourceId": "00000000-0000-0000-0000-000000000000",
                  "dataSourceFieldKey": null,
                  "mandatory": false,
                  "regex": null,
                  "requiredErrorMessage": null,
                  "invalidErrorMessage": null,
                  "condition": null,
                  "settings": {
                    "DefaultValue": ""
                  },
                  "preValues": []
                },
                {
                  "caption": "Delivery Method",
                  "tooltip": null,
                  "placeholder": null,
                  "cssClass": null,
                  "alias": "deliveryMethod",
                  "id": "689d36b9-b478-4593-82cd-ef6c25fa0d32",
                  "fieldTypeId": "903df9b0-a78c-11de-9fc1-db7a56d89593",
                  "prevalueSourceId": "00000000-0000-0000-0000-000000000000",
                  "dataSourceFieldKey": null,
                  "mandatory": true,
                  "regex": null,
                  "requiredErrorMessage": null,
                  "invalidErrorMessage": null,
                  "condition": null,
                  "settings": {
                    "DefaultValue": ""
                  },
                  "preValues": [
                    "Scan to myCentennial email",
                    "Pick up"
                  ]
                },
                {
                  "caption": "If you selected the Pick up delivery method, please select which campus you would like to pick up the letter from",
                  "tooltip": null,
                  "placeholder": null,
                  "cssClass": null,
                  "alias": "ifYouSelectedThePickUpDeliveryMethodPleaseSelectWhichCampusYouWouldLikeToPickUpTheLetterFrom",
                  "id": "a8addb27-dc09-48a7-dbdd-ba8aa0bfb15a",
                  "fieldTypeId": "0dd29d42-a6a5-11de-a2f2-222256d89593",
                  "prevalueSourceId": "00000000-0000-0000-0000-000000000000",
                  "dataSourceFieldKey": null,
                  "mandatory": false,
                  "regex": null,
                  "requiredErrorMessage": null,
                  "invalidErrorMessage": null,
                  "condition": null,
                  "settings": {
                    "DefaultValue": ""
                  },
                  "preValues": [
                    "Ashtonbee Campus",
                    "Morningside Campus",
                    "Progress Campus",
                    "Story Arts Centre",
                    "Eglinton Learning Site"
                  ]
                },
                {
                  "caption": "Consent",
                  "tooltip": "I would like to receive electronic messages from Centennial College",
                  "placeholder": null,
                  "cssClass": null,
                  "alias": "consent",
                  "id": "5971e0b8-c617-4045-8ebb-06d9a98785be",
                  "fieldTypeId": "d5c0c390-ae9a-11de-a69e-666455d89593",
                  "prevalueSourceId": "00000000-0000-0000-0000-000000000000",
                  "dataSourceFieldKey": null,
                  "mandatory": true,
                  "regex": null,
                  "requiredErrorMessage": "",
                  "invalidErrorMessage": null,
                  "condition": null,
                  "settings": {
                    "DefaultValue": ""
                  },
                  "preValues": []
                }
              ]
            }
          ],
          "condition": null
        }
      ],
      "caption": "Confirmation of Enrolment Request Form",
      "sortOrder": 0,
      "id": "00000000-0000-0000-0000-000000000000",
      "form": "00000000-0000-0000-0000-000000000000"
    }
  ],
  "id": "a13028a9-0e97-4da4-a129-542f27064317",
  "fieldIndicationType": "MarkMandatoryFields",
  "indicator": "*",
  "showValidationSummary": false,
  "hideFieldValidation": false,
  "requiredErrorMessage": "Please provide a value for {0}",
  "invalidErrorMessage": "Please provide a valid value for {0}",
  "messageOnSubmit": "Thank you",
  "goToPageOnSubmit": 51971,
  "xPathOnSubmit": null,
  "manualApproval": false,
  "storeRecordsLocally": true,
  "cssClass": null,
  "disableDefaultStylesheet": false,
  "useClientDependency": false,
  "workflows": [
    "17df16ca-2c64-4f4b-9f1e-d00424d079cc"
  ],
  "datasource": null,
  "submitLabel": "Submit",
  "nextLabel": "Next",
  "prevLabel": "Previous"
}