{
  "name": "Vendor Application",
  "created": "2015-08-14T13:59:30.0811106-04:00",
  "pages": [
    {
      "fieldSets": [
        {
          "caption": null,
          "sortOrder": 0,
          "id": "a74f440a-cbfd-4eaf-8bc7-58aa9dfb1be6",
          "page": "00000000-0000-0000-0000-000000000000",
          "containers": [
            {
              "caption": null,
              "width": 12,
              "fields": [
                {
                  "caption": "Name of Organization",
                  "tooltip": null,
                  "placeholder": null,
                  "cssClass": null,
                  "alias": "nameOfOrganization",
                  "id": "b524e2a3-4d32-4c77-d5ba-eff8322acf19",
                  "fieldTypeId": "3f92e01b-29e2-4a30-bf33-9df5580ed52c",
                  "prevalueSourceId": "00000000-0000-0000-0000-000000000000",
                  "dataSourceFieldKey": null,
                  "mandatory": true,
                  "regex": null,
                  "requiredErrorMessage": null,
                  "invalidErrorMessage": null,
                  "condition": null,
                  "settings": {
                    "DefaultValue": ""
                  },
                  "preValues": []
                },
                {
                  "caption": "Contact Person",
                  "tooltip": null,
                  "placeholder": null,
                  "cssClass": null,
                  "alias": "contactPerson",
                  "id": "8175d3e9-244c-4b23-ae0c-a37dcef93697",
                  "fieldTypeId": "3f92e01b-29e2-4a30-bf33-9df5580ed52c",
                  "prevalueSourceId": "00000000-0000-0000-0000-000000000000",
                  "dataSourceFieldKey": null,
                  "mandatory": true,
                  "regex": null,
                  "requiredErrorMessage": null,
                  "invalidErrorMessage": null,
                  "condition": null,
                  "settings": {
                    "DefaultValue": ""
                  },
                  "preValues": []
                },
                {
                  "caption": "Mailing Address",
                  "tooltip": null,
                  "placeholder": null,
                  "cssClass": null,
                  "alias": "mailingAddress",
                  "id": "ab762fff-fef6-4e06-c4a8-26f0a165cffe",
                  "fieldTypeId": "3f92e01b-29e2-4a30-bf33-9df5580ed52c",
                  "prevalueSourceId": "00000000-0000-0000-0000-000000000000",
                  "dataSourceFieldKey": null,
                  "mandatory": true,
                  "regex": null,
                  "requiredErrorMessage": null,
                  "invalidErrorMessage": null,
                  "condition": null,
                  "settings": {
                    "DefaultValue": ""
                  },
                  "preValues": []
                },
                {
                  "caption": "Email Address",
                  "tooltip": null,
                  "placeholder": null,
                  "cssClass": null,
                  "alias": "emailAddress",
                  "id": "befda80d-5f99-4883-9123-44661cb558af",
                  "fieldTypeId": "3f92e01b-29e2-4a30-bf33-9df5580ed52c",
                  "prevalueSourceId": "00000000-0000-0000-0000-000000000000",
                  "dataSourceFieldKey": null,
                  "mandatory": true,
                  "regex": null,
                  "requiredErrorMessage": null,
                  "invalidErrorMessage": null,
                  "condition": null,
                  "settings": {
                    "DefaultValue": ""
                  },
                  "preValues": []
                },
                {
                  "caption": "Phone Number",
                  "tooltip": null,
                  "placeholder": null,
                  "cssClass": null,
                  "alias": "phoneNumber",
                  "id": "8ba511dc-b04f-4d7c-cc16-15e37aa1e7aa",
                  "fieldTypeId": "3f92e01b-29e2-4a30-bf33-9df5580ed52c",
                  "prevalueSourceId": "00000000-0000-0000-0000-000000000000",
                  "dataSourceFieldKey": null,
                  "mandatory": false,
                  "regex": null,
                  "requiredErrorMessage": null,
                  "invalidErrorMessage": null,
                  "condition": null,
                  "settings": {
                    "DefaultValue": ""
                  },
                  "preValues": []
                },
                {
                  "caption": "Please describe the product/service you would like to bring to the conference",
                  "tooltip": null,
                  "placeholder": null,
                  "cssClass": null,
                  "alias": "pleaseDescribeTheProductServiceYouWouldLikeToBringToTheConference",
                  "id": "191a0857-52bd-4d32-b15f-51da6bb29eef",
                  "fieldTypeId": "3f92e01b-29e2-4a30-bf33-9df5580ed52c",
                  "prevalueSourceId": "00000000-0000-0000-0000-000000000000",
                  "dataSourceFieldKey": null,
                  "mandatory": true,
                  "regex": null,
                  "requiredErrorMessage": null,
                  "invalidErrorMessage": null,
                  "condition": null,
                  "settings": {
                    "DefaultValue": ""
                  },
                  "preValues": []
                },
                {
                  "caption": "How many people will you have managing your booth?",
                  "tooltip": null,
                  "placeholder": null,
                  "cssClass": null,
                  "alias": "howManyPeopleWillYouHaveManagingYourBooth",
                  "id": "0c3087b4-f732-4c55-e465-3b6859404b13",
                  "fieldTypeId": "0dd29d42-a6a5-11de-a2f2-222256d89593",
                  "prevalueSourceId": "00000000-0000-0000-0000-000000000000",
                  "dataSourceFieldKey": null,
                  "mandatory": false,
                  "regex": null,
                  "requiredErrorMessage": null,
                  "invalidErrorMessage": null,
                  "condition": null,
                  "settings": {
                    "DefaultValue": ""
                  },
                  "preValues": [
                    "1",
                    "2",
                    "3",
                    "4+"
                  ]
                },
                {
                  "caption": "Do you require access to electrical outlets?",
                  "tooltip": null,
                  "placeholder": null,
                  "cssClass": null,
                  "alias": "doYouRequireAccessToElectricalOutlets",
                  "id": "a613a3ab-3ca5-47fb-dec4-431d023a1172",
                  "fieldTypeId": "903df9b0-a78c-11de-9fc1-db7a56d89593",
                  "prevalueSourceId": "00000000-0000-0000-0000-000000000000",
                  "dataSourceFieldKey": null,
                  "mandatory": true,
                  "regex": null,
                  "requiredErrorMessage": null,
                  "invalidErrorMessage": null,
                  "condition": null,
                  "settings": {
                    "DefaultValue": ""
                  },
                  "preValues": [
                    "Yes",
                    "No"
                  ]
                },
                {
                  "caption": "Please email me updates on the Walking in Two Worlds Conference Hosted by Centennial College and my form submission.",
                  "tooltip": null,
                  "placeholder": null,
                  "cssClass": null,
                  "alias": "pleaseEmailMeUpdatesOnTheWalkingInTwoWorldsConferenceHostedByCentennialCollegeAndMyFormSubmission",
                  "id": "c44d0fd2-425d-4680-b45c-58677823e891",
                  "fieldTypeId": "d5c0c390-ae9a-11de-a69e-666455d89593",
                  "prevalueSourceId": "00000000-0000-0000-0000-000000000000",
                  "dataSourceFieldKey": null,
                  "mandatory": false,
                  "regex": null,
                  "requiredErrorMessage": null,
                  "invalidErrorMessage": null,
                  "condition": null,
                  "settings": {
                    "DefaultValue": ""
                  },
                  "preValues": []
                }
              ]
            }
          ],
          "condition": null
        }
      ],
      "caption": "Walking in Two Worlds Conference",
      "sortOrder": 0,
      "id": "00000000-0000-0000-0000-000000000000",
      "form": "00000000-0000-0000-0000-000000000000"
    }
  ],
  "id": "a587972a-c56b-4283-84a8-b44a4d7fc0ae",
  "fieldIndicationType": "MarkMandatoryFields",
  "indicator": "*",
  "showValidationSummary": false,
  "hideFieldValidation": false,
  "requiredErrorMessage": "Please provide a value for {0}",
  "invalidErrorMessage": "Please provide a valid value for {0}",
  "messageOnSubmit": "Thank you",
  "goToPageOnSubmit": 51971,
  "xPathOnSubmit": null,
  "manualApproval": false,
  "storeRecordsLocally": true,
  "cssClass": null,
  "disableDefaultStylesheet": false,
  "useClientDependency": false,
  "workflows": [
    "3c159b02-1889-43ff-9121-0dab00c77227"
  ],
  "datasource": null,
  "submitLabel": "Submit",
  "nextLabel": "Next",
  "prevLabel": "Previous"
}