{
  "name": "Intercollegiate Student Athlete Registration",
  "created": "2015-08-18T13:28:16.092987-04:00",
  "pages": [
    {
      "fieldSets": [
        {
          "caption": null,
          "sortOrder": 0,
          "id": "ccabb630-acd3-4395-b1e6-4eec3537f849",
          "page": "00000000-0000-0000-0000-000000000000",
          "containers": [
            {
              "caption": null,
              "width": 12,
              "fields": [
                {
                  "caption": "First Name",
                  "tooltip": null,
                  "placeholder": null,
                  "cssClass": null,
                  "alias": "firstName",
                  "id": "2a8af919-bed6-4a62-e424-f605e29b6e08",
                  "fieldTypeId": "3f92e01b-29e2-4a30-bf33-9df5580ed52c",
                  "prevalueSourceId": "00000000-0000-0000-0000-000000000000",
                  "dataSourceFieldKey": null,
                  "mandatory": true,
                  "regex": null,
                  "requiredErrorMessage": null,
                  "invalidErrorMessage": null,
                  "condition": null,
                  "settings": {
                    "DefaultValue": ""
                  },
                  "preValues": []
                },
                {
                  "caption": "Last Name",
                  "tooltip": null,
                  "placeholder": null,
                  "cssClass": null,
                  "alias": "lastName",
                  "id": "91c2610e-a7ae-47fa-c155-cc8a4c52aeea",
                  "fieldTypeId": "3f92e01b-29e2-4a30-bf33-9df5580ed52c",
                  "prevalueSourceId": "00000000-0000-0000-0000-000000000000",
                  "dataSourceFieldKey": null,
                  "mandatory": true,
                  "regex": null,
                  "requiredErrorMessage": null,
                  "invalidErrorMessage": null,
                  "condition": null,
                  "settings": {
                    "DefaultValue": ""
                  },
                  "preValues": []
                },
                {
                  "caption": "Date Of Birth",
                  "tooltip": null,
                  "placeholder": null,
                  "cssClass": null,
                  "alias": "dateOfBirth",
                  "id": "0f862a78-ad55-40af-c911-554be640260a",
                  "fieldTypeId": "227d26b2-0a7f-4cf6-be70-fcc87861c599",
                  "prevalueSourceId": "00000000-0000-0000-0000-000000000000",
                  "dataSourceFieldKey": null,
                  "mandatory": true,
                  "regex": null,
                  "requiredErrorMessage": null,
                  "invalidErrorMessage": null,
                  "condition": null,
                  "settings": {},
                  "preValues": []
                },
                {
                  "caption": "Gender",
                  "tooltip": null,
                  "placeholder": null,
                  "cssClass": null,
                  "alias": "gender",
                  "id": "5c0a7c9f-77e5-495c-df8f-c66e1ffe05c2",
                  "fieldTypeId": "903df9b0-a78c-11de-9fc1-db7a56d89593",
                  "prevalueSourceId": "00000000-0000-0000-0000-000000000000",
                  "dataSourceFieldKey": null,
                  "mandatory": false,
                  "regex": null,
                  "requiredErrorMessage": null,
                  "invalidErrorMessage": null,
                  "condition": null,
                  "settings": {
                    "DefaultValue": ""
                  },
                  "preValues": [
                    "Male",
                    "Female"
                  ]
                },
                {
                  "caption": "Height",
                  "tooltip": null,
                  "placeholder": null,
                  "cssClass": null,
                  "alias": "height",
                  "id": "07e6cd4e-897e-4ec2-f5ac-82d119cb01eb",
                  "fieldTypeId": "0dd29d42-a6a5-11de-a2f2-222256d89593",
                  "prevalueSourceId": "00000000-0000-0000-0000-000000000000",
                  "dataSourceFieldKey": null,
                  "mandatory": true,
                  "regex": null,
                  "requiredErrorMessage": null,
                  "invalidErrorMessage": null,
                  "condition": null,
                  "settings": {
                    "DefaultValue": ""
                  },
                  "preValues": [
                    "4' 5\"",
                    "4' 6\"",
                    "4' 7\"",
                    "4' 8\"",
                    "4' 9\"",
                    "4' 10\"",
                    "4' 11\"",
                    "5'",
                    "5' 1\"",
                    "5' 2\"",
                    "5' 3\"",
                    "5' 4\"",
                    "5' 5\"",
                    "5' 6\"",
                    "5' 7\"",
                    "5' 8\"",
                    "5' 9\"",
                    "5' 10\"",
                    "5' 11\"",
                    "6'",
                    "6' 1\"",
                    "6' 2\"",
                    "6' 3\"",
                    "6' 4\"",
                    "6' 5\"",
                    "6' 6\"",
                    "6' 7\"",
                    "6' 8\"",
                    "6' 9\"",
                    "6' 10\"",
                    "6' 11\"",
                    "7'",
                    "7' 1\"",
                    "7' 2\"",
                    "7' 3\"",
                    "7' 4\"",
                    "7' 5\""
                  ]
                },
                {
                  "caption": "Shirt Size",
                  "tooltip": null,
                  "placeholder": null,
                  "cssClass": null,
                  "alias": "shirtSize",
                  "id": "23e98b67-5756-4815-a87c-3bdea4f48a7c",
                  "fieldTypeId": "0dd29d42-a6a5-11de-a2f2-222256d89593",
                  "prevalueSourceId": "00000000-0000-0000-0000-000000000000",
                  "dataSourceFieldKey": null,
                  "mandatory": true,
                  "regex": null,
                  "requiredErrorMessage": null,
                  "invalidErrorMessage": null,
                  "condition": null,
                  "settings": {
                    "DefaultValue": ""
                  },
                  "preValues": [
                    "XS",
                    "S",
                    "M",
                    "L",
                    "XL",
                    "2XL",
                    "3XL"
                  ]
                },
                {
                  "caption": "Pant Size",
                  "tooltip": null,
                  "placeholder": null,
                  "cssClass": null,
                  "alias": "pantSize",
                  "id": "a4bd7252-543b-4027-c4b4-881343e2c120",
                  "fieldTypeId": "0dd29d42-a6a5-11de-a2f2-222256d89593",
                  "prevalueSourceId": "00000000-0000-0000-0000-000000000000",
                  "dataSourceFieldKey": null,
                  "mandatory": true,
                  "regex": null,
                  "requiredErrorMessage": null,
                  "invalidErrorMessage": null,
                  "condition": null,
                  "settings": {
                    "DefaultValue": ""
                  },
                  "preValues": [
                    "XS",
                    "S",
                    "M",
                    "L",
                    "XL",
                    "2XL",
                    "3XL"
                  ]
                },
                {
                  "caption": "Jacket Size",
                  "tooltip": null,
                  "placeholder": null,
                  "cssClass": null,
                  "alias": "jacketSize",
                  "id": "8e6c8e8e-5139-479b-bb7e-113fe9d76288",
                  "fieldTypeId": "0dd29d42-a6a5-11de-a2f2-222256d89593",
                  "prevalueSourceId": "00000000-0000-0000-0000-000000000000",
                  "dataSourceFieldKey": null,
                  "mandatory": true,
                  "regex": null,
                  "requiredErrorMessage": null,
                  "invalidErrorMessage": null,
                  "condition": null,
                  "settings": {
                    "DefaultValue": ""
                  },
                  "preValues": [
                    "XS",
                    "S",
                    "M",
                    "L",
                    "XL",
                    "2XL",
                    "3XL"
                  ]
                },
                {
                  "caption": "Sport",
                  "tooltip": null,
                  "placeholder": null,
                  "cssClass": null,
                  "alias": "sport",
                  "id": "7cf97ac7-3bb7-4252-d6b0-14bcddac862f",
                  "fieldTypeId": "fab43f20-a6bf-11de-a28f-9b5755d89593",
                  "prevalueSourceId": "00000000-0000-0000-0000-000000000000",
                  "dataSourceFieldKey": null,
                  "mandatory": true,
                  "regex": null,
                  "requiredErrorMessage": null,
                  "invalidErrorMessage": null,
                  "condition": null,
                  "settings": {
                    "DefaultValue": ""
                  },
                  "preValues": [
                    "Badminton",
                    "Basketball",
                    "Cricket",
                    "Cross Country (Running)",
                    "Golf",
                    "Hockey",
                    "Track (Indoor)",
                    "Volleyball",
                    "Soccer"
                  ]
                },
                {
                  "caption": "Street Address",
                  "tooltip": null,
                  "placeholder": null,
                  "cssClass": null,
                  "alias": "streetAddress",
                  "id": "ad5b637e-7715-4b24-8193-839a15a74fcd",
                  "fieldTypeId": "3f92e01b-29e2-4a30-bf33-9df5580ed52c",
                  "prevalueSourceId": "00000000-0000-0000-0000-000000000000",
                  "dataSourceFieldKey": null,
                  "mandatory": true,
                  "regex": null,
                  "requiredErrorMessage": null,
                  "invalidErrorMessage": null,
                  "condition": null,
                  "settings": {
                    "DefaultValue": ""
                  },
                  "preValues": []
                },
                {
                  "caption": "City/Town",
                  "tooltip": null,
                  "placeholder": null,
                  "cssClass": null,
                  "alias": "cityTown",
                  "id": "d9546afa-ec79-4756-a751-e00da6381257",
                  "fieldTypeId": "3f92e01b-29e2-4a30-bf33-9df5580ed52c",
                  "prevalueSourceId": "00000000-0000-0000-0000-000000000000",
                  "dataSourceFieldKey": null,
                  "mandatory": true,
                  "regex": null,
                  "requiredErrorMessage": null,
                  "invalidErrorMessage": null,
                  "condition": null,
                  "settings": {
                    "DefaultValue": ""
                  },
                  "preValues": []
                },
                {
                  "caption": "Province",
                  "tooltip": null,
                  "placeholder": null,
                  "cssClass": null,
                  "alias": "province",
                  "id": "80a8d8ee-26bc-4a53-e715-511b3b39752d",
                  "fieldTypeId": "3f92e01b-29e2-4a30-bf33-9df5580ed52c",
                  "prevalueSourceId": "00000000-0000-0000-0000-000000000000",
                  "dataSourceFieldKey": null,
                  "mandatory": true,
                  "regex": null,
                  "requiredErrorMessage": null,
                  "invalidErrorMessage": null,
                  "condition": null,
                  "settings": {
                    "DefaultValue": ""
                  },
                  "preValues": []
                },
                {
                  "caption": "Hometown",
                  "tooltip": null,
                  "placeholder": null,
                  "cssClass": null,
                  "alias": "hometown",
                  "id": "45a817ab-cb3c-4997-eb95-f9cc9d134599",
                  "fieldTypeId": "3f92e01b-29e2-4a30-bf33-9df5580ed52c",
                  "prevalueSourceId": "00000000-0000-0000-0000-000000000000",
                  "dataSourceFieldKey": null,
                  "mandatory": true,
                  "regex": null,
                  "requiredErrorMessage": null,
                  "invalidErrorMessage": null,
                  "condition": null,
                  "settings": {
                    "DefaultValue": ""
                  },
                  "preValues": []
                },
                {
                  "caption": "Primary Phone #",
                  "tooltip": null,
                  "placeholder": null,
                  "cssClass": null,
                  "alias": "primaryPhone",
                  "id": "6b7f200f-71dd-42bb-a491-fe79396ba257",
                  "fieldTypeId": "3f92e01b-29e2-4a30-bf33-9df5580ed52c",
                  "prevalueSourceId": "00000000-0000-0000-0000-000000000000",
                  "dataSourceFieldKey": null,
                  "mandatory": true,
                  "regex": null,
                  "requiredErrorMessage": null,
                  "invalidErrorMessage": null,
                  "condition": null,
                  "settings": {
                    "DefaultValue": ""
                  },
                  "preValues": []
                },
                {
                  "caption": "Postal Code",
                  "tooltip": null,
                  "placeholder": null,
                  "cssClass": null,
                  "alias": "postalCode",
                  "id": "3a92f3ae-27bd-4be6-f566-e4dd76b50d42",
                  "fieldTypeId": "3f92e01b-29e2-4a30-bf33-9df5580ed52c",
                  "prevalueSourceId": "00000000-0000-0000-0000-000000000000",
                  "dataSourceFieldKey": null,
                  "mandatory": true,
                  "regex": null,
                  "requiredErrorMessage": null,
                  "invalidErrorMessage": null,
                  "condition": null,
                  "settings": {
                    "DefaultValue": ""
                  },
                  "preValues": []
                },
                {
                  "caption": "Student Number",
                  "tooltip": null,
                  "placeholder": null,
                  "cssClass": null,
                  "alias": "studentNumber",
                  "id": "f69030d1-c419-4a86-eb08-fc93949a5e7a",
                  "fieldTypeId": "3f92e01b-29e2-4a30-bf33-9df5580ed52c",
                  "prevalueSourceId": "00000000-0000-0000-0000-000000000000",
                  "dataSourceFieldKey": null,
                  "mandatory": true,
                  "regex": null,
                  "requiredErrorMessage": null,
                  "invalidErrorMessage": null,
                  "condition": null,
                  "settings": {
                    "DefaultValue": ""
                  },
                  "preValues": []
                },
                {
                  "caption": "Email Address",
                  "tooltip": null,
                  "placeholder": null,
                  "cssClass": null,
                  "alias": "emailAddress",
                  "id": "6bf60ce6-6c96-4156-dc02-a01469ec7098",
                  "fieldTypeId": "3f92e01b-29e2-4a30-bf33-9df5580ed52c",
                  "prevalueSourceId": "00000000-0000-0000-0000-000000000000",
                  "dataSourceFieldKey": null,
                  "mandatory": true,
                  "regex": "\\w+([-+.]\\w+)*@\\w+([-.]\\w+)*\\.\\w+([-.]\\w+)*",
                  "requiredErrorMessage": null,
                  "invalidErrorMessage": "Invalid Email Address.",
                  "condition": null,
                  "settings": {
                    "DefaultValue": ""
                  },
                  "preValues": []
                },
                {
                  "caption": "Citizenship",
                  "tooltip": null,
                  "placeholder": null,
                  "cssClass": null,
                  "alias": "citizenship",
                  "id": "34313f1e-a78b-42cd-e85f-56d48225c6b8",
                  "fieldTypeId": "3f92e01b-29e2-4a30-bf33-9df5580ed52c",
                  "prevalueSourceId": "00000000-0000-0000-0000-000000000000",
                  "dataSourceFieldKey": null,
                  "mandatory": true,
                  "regex": null,
                  "requiredErrorMessage": null,
                  "invalidErrorMessage": null,
                  "condition": null,
                  "settings": {
                    "DefaultValue": ""
                  },
                  "preValues": []
                },
                {
                  "caption": "Academic Program",
                  "tooltip": "(ie Police Foundations)",
                  "placeholder": null,
                  "cssClass": null,
                  "alias": "academicProgram",
                  "id": "13ead771-0edd-4a6e-ac28-68b8f343cfd1",
                  "fieldTypeId": "3f92e01b-29e2-4a30-bf33-9df5580ed52c",
                  "prevalueSourceId": "00000000-0000-0000-0000-000000000000",
                  "dataSourceFieldKey": null,
                  "mandatory": true,
                  "regex": null,
                  "requiredErrorMessage": "This is a required question",
                  "invalidErrorMessage": null,
                  "condition": null,
                  "settings": {
                    "DefaultValue": ""
                  },
                  "preValues": []
                },
                {
                  "caption": "Campus Attending",
                  "tooltip": null,
                  "placeholder": null,
                  "cssClass": null,
                  "alias": "campusAttending",
                  "id": "87b15110-9523-49f1-e66b-05e2cbe87a8e",
                  "fieldTypeId": "0dd29d42-a6a5-11de-a2f2-222256d89593",
                  "prevalueSourceId": "00000000-0000-0000-0000-000000000000",
                  "dataSourceFieldKey": null,
                  "mandatory": true,
                  "regex": null,
                  "requiredErrorMessage": null,
                  "invalidErrorMessage": null,
                  "condition": null,
                  "settings": {
                    "DefaultValue": ""
                  },
                  "preValues": [
                    "Ashtonbee",
                    "Morningside",
                    "Progress",
                    "Story Arts Centre"
                  ]
                },
                {
                  "caption": "Years you have participated at Centennial",
                  "tooltip": null,
                  "placeholder": null,
                  "cssClass": null,
                  "alias": "yearsYouHaveParticipatedAtCentennial",
                  "id": "5377b0f1-f88f-4805-d3e9-6b49cdf3f093",
                  "fieldTypeId": "0dd29d42-a6a5-11de-a2f2-222256d89593",
                  "prevalueSourceId": "00000000-0000-0000-0000-000000000000",
                  "dataSourceFieldKey": null,
                  "mandatory": true,
                  "regex": null,
                  "requiredErrorMessage": null,
                  "invalidErrorMessage": null,
                  "condition": null,
                  "settings": {
                    "DefaultValue": ""
                  },
                  "preValues": [
                    "0",
                    "1",
                    "2",
                    "3",
                    "4"
                  ]
                },
                {
                  "caption": "Have you previously attended another College or University?",
                  "tooltip": null,
                  "placeholder": null,
                  "cssClass": null,
                  "alias": "haveYouPreviouslyAttendedAnotherCollegeOrUniversity",
                  "id": "1924ee07-eed9-46cf-e392-075912e0f4e0",
                  "fieldTypeId": "903df9b0-a78c-11de-9fc1-db7a56d89593",
                  "prevalueSourceId": "00000000-0000-0000-0000-000000000000",
                  "dataSourceFieldKey": null,
                  "mandatory": false,
                  "regex": null,
                  "requiredErrorMessage": null,
                  "invalidErrorMessage": null,
                  "condition": null,
                  "settings": {
                    "DefaultValue": ""
                  },
                  "preValues": [
                    "Yes",
                    "No"
                  ]
                },
                {
                  "caption": "Name of College/University",
                  "tooltip": null,
                  "placeholder": null,
                  "cssClass": null,
                  "alias": "nameOfCollegeUniversity",
                  "id": "455bfc8f-2a05-4645-e8be-0cf105fa63ee",
                  "fieldTypeId": "3f92e01b-29e2-4a30-bf33-9df5580ed52c",
                  "prevalueSourceId": "00000000-0000-0000-0000-000000000000",
                  "dataSourceFieldKey": null,
                  "mandatory": false,
                  "regex": null,
                  "requiredErrorMessage": null,
                  "invalidErrorMessage": null,
                  "condition": null,
                  "settings": {
                    "DefaultValue": ""
                  },
                  "preValues": []
                },
                {
                  "caption": "Did you play on the 'Varsity Team' at that institution?",
                  "tooltip": null,
                  "placeholder": null,
                  "cssClass": null,
                  "alias": "didYouPlayOnTheVarsityTeamAtThatInstitution",
                  "id": "281d76fa-1dff-4591-bb97-dfd2e847436e",
                  "fieldTypeId": "903df9b0-a78c-11de-9fc1-db7a56d89593",
                  "prevalueSourceId": "00000000-0000-0000-0000-000000000000",
                  "dataSourceFieldKey": null,
                  "mandatory": false,
                  "regex": null,
                  "requiredErrorMessage": null,
                  "invalidErrorMessage": null,
                  "condition": null,
                  "settings": {
                    "DefaultValue": ""
                  },
                  "preValues": [
                    "Yes",
                    "No"
                  ]
                },
                {
                  "caption": "Which sport(s)?",
                  "tooltip": null,
                  "placeholder": null,
                  "cssClass": null,
                  "alias": "whichSportS",
                  "id": "628123ba-abdf-4538-8d3a-cf19419ea487",
                  "fieldTypeId": "3f92e01b-29e2-4a30-bf33-9df5580ed52c",
                  "prevalueSourceId": "00000000-0000-0000-0000-000000000000",
                  "dataSourceFieldKey": null,
                  "mandatory": false,
                  "regex": null,
                  "requiredErrorMessage": null,
                  "invalidErrorMessage": null,
                  "condition": null,
                  "settings": {
                    "DefaultValue": ""
                  },
                  "preValues": []
                },
                {
                  "caption": "Number of years played",
                  "tooltip": null,
                  "placeholder": null,
                  "cssClass": null,
                  "alias": "numberOfYearsPlayed",
                  "id": "21fa7801-35d8-413d-ff7b-950e23669589",
                  "fieldTypeId": "3f92e01b-29e2-4a30-bf33-9df5580ed52c",
                  "prevalueSourceId": "00000000-0000-0000-0000-000000000000",
                  "dataSourceFieldKey": null,
                  "mandatory": false,
                  "regex": null,
                  "requiredErrorMessage": null,
                  "invalidErrorMessage": null,
                  "condition": null,
                  "settings": {
                    "DefaultValue": ""
                  },
                  "preValues": []
                },
                {
                  "caption": "Emergency Contact Name",
                  "tooltip": null,
                  "placeholder": null,
                  "cssClass": null,
                  "alias": "emergencyContactName",
                  "id": "78607c7c-fe0f-412a-ecd5-5dfa9f8d190d",
                  "fieldTypeId": "3f92e01b-29e2-4a30-bf33-9df5580ed52c",
                  "prevalueSourceId": "00000000-0000-0000-0000-000000000000",
                  "dataSourceFieldKey": null,
                  "mandatory": true,
                  "regex": null,
                  "requiredErrorMessage": null,
                  "invalidErrorMessage": null,
                  "condition": null,
                  "settings": {
                    "DefaultValue": ""
                  },
                  "preValues": []
                },
                {
                  "caption": "Relationship",
                  "tooltip": null,
                  "placeholder": null,
                  "cssClass": null,
                  "alias": "relationship",
                  "id": "decad472-bcff-47c5-81b0-8a03528a5a92",
                  "fieldTypeId": "3f92e01b-29e2-4a30-bf33-9df5580ed52c",
                  "prevalueSourceId": "00000000-0000-0000-0000-000000000000",
                  "dataSourceFieldKey": null,
                  "mandatory": true,
                  "regex": null,
                  "requiredErrorMessage": null,
                  "invalidErrorMessage": null,
                  "condition": null,
                  "settings": {
                    "DefaultValue": ""
                  },
                  "preValues": []
                },
                {
                  "caption": "Emergency Contact Number",
                  "tooltip": "",
                  "placeholder": null,
                  "cssClass": null,
                  "alias": "emergencyContactNumber",
                  "id": "1e7d7c1f-e7f6-46e9-848c-b849f7a5ab5f",
                  "fieldTypeId": "3f92e01b-29e2-4a30-bf33-9df5580ed52c",
                  "prevalueSourceId": "00000000-0000-0000-0000-000000000000",
                  "dataSourceFieldKey": null,
                  "mandatory": true,
                  "regex": "^\\d{3}-\\d{3}-\\d{4}$|^\\d{10}$",
                  "requiredErrorMessage": null,
                  "invalidErrorMessage": "Invalid Contact Number",
                  "condition": null,
                  "settings": {
                    "DefaultValue": ""
                  },
                  "preValues": []
                },
                {
                  "caption": "Text field",
                  "tooltip": null,
                  "placeholder": null,
                  "cssClass": null,
                  "alias": "textField",
                  "id": "eee80ff6-83d8-4c6c-9874-5d537bb334ac",
                  "fieldTypeId": "e3fbf6c4-f46c-495e-aff8-4b3c227b4a98",
                  "prevalueSourceId": "00000000-0000-0000-0000-000000000000",
                  "dataSourceFieldKey": null,
                  "mandatory": false,
                  "regex": null,
                  "requiredErrorMessage": null,
                  "invalidErrorMessage": null,
                  "condition": null,
                  "settings": {
                    "Caption": "Medical Info",
                    "BodyText": "Please complete the medical form. Information remains confidential and only used in medical situations in consultations with the Athletics and Recreation Department, coaching staff and Athletic Therapist."
                  },
                  "preValues": []
                },
                {
                  "caption": "Doctor's Name",
                  "tooltip": null,
                  "placeholder": null,
                  "cssClass": null,
                  "alias": "doctorSName",
                  "id": "08359457-1879-4dcd-dc19-3f1fcd962593",
                  "fieldTypeId": "3f92e01b-29e2-4a30-bf33-9df5580ed52c",
                  "prevalueSourceId": "00000000-0000-0000-0000-000000000000",
                  "dataSourceFieldKey": null,
                  "mandatory": true,
                  "regex": null,
                  "requiredErrorMessage": null,
                  "invalidErrorMessage": null,
                  "condition": null,
                  "settings": {
                    "DefaultValue": ""
                  },
                  "preValues": []
                },
                {
                  "caption": "OHIP Number",
                  "tooltip": null,
                  "placeholder": null,
                  "cssClass": null,
                  "alias": "ohipNumber",
                  "id": "de4db580-b362-423c-f85d-9b4b3af64c16",
                  "fieldTypeId": "3f92e01b-29e2-4a30-bf33-9df5580ed52c",
                  "prevalueSourceId": "00000000-0000-0000-0000-000000000000",
                  "dataSourceFieldKey": null,
                  "mandatory": false,
                  "regex": null,
                  "requiredErrorMessage": null,
                  "invalidErrorMessage": null,
                  "condition": null,
                  "settings": {
                    "DefaultValue": ""
                  },
                  "preValues": []
                },
                {
                  "caption": "Do you wear Eye Glasses",
                  "tooltip": null,
                  "placeholder": null,
                  "cssClass": null,
                  "alias": "doYouWearEyeGlasses",
                  "id": "79471c5b-b997-4dd7-a31f-38adc5a78445",
                  "fieldTypeId": "903df9b0-a78c-11de-9fc1-db7a56d89593",
                  "prevalueSourceId": "00000000-0000-0000-0000-000000000000",
                  "dataSourceFieldKey": null,
                  "mandatory": false,
                  "regex": null,
                  "requiredErrorMessage": null,
                  "invalidErrorMessage": null,
                  "condition": null,
                  "settings": {
                    "DefaultValue": ""
                  },
                  "preValues": [
                    "Yes",
                    "No"
                  ]
                },
                {
                  "caption": "Do you wear Contact Lenses",
                  "tooltip": null,
                  "placeholder": null,
                  "cssClass": null,
                  "alias": "doYouWearContactLenses",
                  "id": "1ac8b181-f278-40c7-de52-f00e0ae0a682",
                  "fieldTypeId": "903df9b0-a78c-11de-9fc1-db7a56d89593",
                  "prevalueSourceId": "00000000-0000-0000-0000-000000000000",
                  "dataSourceFieldKey": null,
                  "mandatory": false,
                  "regex": null,
                  "requiredErrorMessage": null,
                  "invalidErrorMessage": null,
                  "condition": null,
                  "settings": {
                    "DefaultValue": ""
                  },
                  "preValues": [
                    "Yes",
                    "No"
                  ]
                },
                {
                  "caption": "Are you currently taking any medication?",
                  "tooltip": null,
                  "placeholder": null,
                  "cssClass": null,
                  "alias": "areYouCurrentlyTakingAnyMedication",
                  "id": "5ab8df8a-0bd6-4ee1-809e-98a377024d3f",
                  "fieldTypeId": "903df9b0-a78c-11de-9fc1-db7a56d89593",
                  "prevalueSourceId": "00000000-0000-0000-0000-000000000000",
                  "dataSourceFieldKey": null,
                  "mandatory": false,
                  "regex": null,
                  "requiredErrorMessage": null,
                  "invalidErrorMessage": null,
                  "condition": null,
                  "settings": {
                    "DefaultValue": ""
                  },
                  "preValues": [
                    "Yes",
                    "No"
                  ]
                },
                {
                  "caption": "If yes, please specify",
                  "tooltip": null,
                  "placeholder": null,
                  "cssClass": null,
                  "alias": "ifYesPleaseSpecify",
                  "id": "d1136b77-c279-4b4c-875f-ce8695c92911",
                  "fieldTypeId": "3f92e01b-29e2-4a30-bf33-9df5580ed52c",
                  "prevalueSourceId": "00000000-0000-0000-0000-000000000000",
                  "dataSourceFieldKey": null,
                  "mandatory": false,
                  "regex": null,
                  "requiredErrorMessage": null,
                  "invalidErrorMessage": null,
                  "condition": null,
                  "settings": {
                    "DefaultValue": ""
                  },
                  "preValues": []
                },
                {
                  "caption": "Are you allergic to any drugs, foods, ect.",
                  "tooltip": "",
                  "placeholder": null,
                  "cssClass": null,
                  "alias": "areYouAllergicToAnyDrugsFoodsEct",
                  "id": "92e5d61d-8ffd-4cc7-d6a4-564caa9a65bb",
                  "fieldTypeId": "903df9b0-a78c-11de-9fc1-db7a56d89593",
                  "prevalueSourceId": "00000000-0000-0000-0000-000000000000",
                  "dataSourceFieldKey": null,
                  "mandatory": false,
                  "regex": null,
                  "requiredErrorMessage": null,
                  "invalidErrorMessage": null,
                  "condition": null,
                  "settings": {
                    "DefaultValue": ""
                  },
                  "preValues": [
                    "Yes",
                    "No"
                  ]
                },
                {
                  "caption": "If yes, please specify",
                  "tooltip": null,
                  "placeholder": null,
                  "cssClass": null,
                  "alias": "ifYesPleaseSpecify",
                  "id": "b42360a0-1ac1-4866-e0c6-f8361d5cf961",
                  "fieldTypeId": "3f92e01b-29e2-4a30-bf33-9df5580ed52c",
                  "prevalueSourceId": "00000000-0000-0000-0000-000000000000",
                  "dataSourceFieldKey": null,
                  "mandatory": false,
                  "regex": null,
                  "requiredErrorMessage": null,
                  "invalidErrorMessage": null,
                  "condition": null,
                  "settings": {
                    "DefaultValue": ""
                  },
                  "preValues": []
                },
                {
                  "caption": "Have you ever sustained a head injury?",
                  "tooltip": null,
                  "placeholder": null,
                  "cssClass": null,
                  "alias": "haveYouEverSustainedAHeadInjury",
                  "id": "c1337431-eb93-4dc3-e67a-801afd53f679",
                  "fieldTypeId": "903df9b0-a78c-11de-9fc1-db7a56d89593",
                  "prevalueSourceId": "00000000-0000-0000-0000-000000000000",
                  "dataSourceFieldKey": null,
                  "mandatory": false,
                  "regex": null,
                  "requiredErrorMessage": null,
                  "invalidErrorMessage": null,
                  "condition": null,
                  "settings": {
                    "DefaultValue": ""
                  },
                  "preValues": [
                    "Yes",
                    "No"
                  ]
                },
                {
                  "caption": "Have you ever sustained a spinal injury?",
                  "tooltip": null,
                  "placeholder": null,
                  "cssClass": null,
                  "alias": "haveYouEverSustainedASpinalInjury",
                  "id": "ed05505e-f7cc-4281-fd94-7126ca6823c9",
                  "fieldTypeId": "903df9b0-a78c-11de-9fc1-db7a56d89593",
                  "prevalueSourceId": "00000000-0000-0000-0000-000000000000",
                  "dataSourceFieldKey": null,
                  "mandatory": false,
                  "regex": null,
                  "requiredErrorMessage": null,
                  "invalidErrorMessage": null,
                  "condition": null,
                  "settings": {
                    "DefaultValue": ""
                  },
                  "preValues": [
                    "Yes",
                    "No"
                  ]
                },
                {
                  "caption": "Have you ever had surgery or an operation?",
                  "tooltip": null,
                  "placeholder": null,
                  "cssClass": null,
                  "alias": "haveYouEverHadSurgeryOrAnOperation",
                  "id": "07f2fb1d-155f-40f3-cf79-2839f5f40217",
                  "fieldTypeId": "903df9b0-a78c-11de-9fc1-db7a56d89593",
                  "prevalueSourceId": "00000000-0000-0000-0000-000000000000",
                  "dataSourceFieldKey": null,
                  "mandatory": false,
                  "regex": null,
                  "requiredErrorMessage": null,
                  "invalidErrorMessage": null,
                  "condition": null,
                  "settings": {
                    "DefaultValue": ""
                  },
                  "preValues": [
                    "Yes",
                    "No"
                  ]
                },
                {
                  "caption": "If yes, please specify",
                  "tooltip": null,
                  "placeholder": null,
                  "cssClass": null,
                  "alias": "ifYesPleaseSpecify",
                  "id": "890d561a-bbbb-4164-d7c7-a01741c212b7",
                  "fieldTypeId": "3f92e01b-29e2-4a30-bf33-9df5580ed52c",
                  "prevalueSourceId": "00000000-0000-0000-0000-000000000000",
                  "dataSourceFieldKey": null,
                  "mandatory": false,
                  "regex": null,
                  "requiredErrorMessage": null,
                  "invalidErrorMessage": null,
                  "condition": null,
                  "settings": {
                    "DefaultValue": ""
                  },
                  "preValues": []
                },
                {
                  "caption": "Do you have any medical conditions that are made worse by, or cause distress during exercise? (e.g. asthma, chest pains, muscle cramps, etc.)",
                  "tooltip": null,
                  "placeholder": null,
                  "cssClass": null,
                  "alias": "doYouHaveAnyMedicalConditionsThatAreMadeWorseByOrCauseDistressDuringExerciseEGAsthmaChestPainsMuscleCrampsEtc",
                  "id": "8e2ee702-f674-4cc0-a5f3-e8e62fc86d59",
                  "fieldTypeId": "903df9b0-a78c-11de-9fc1-db7a56d89593",
                  "prevalueSourceId": "00000000-0000-0000-0000-000000000000",
                  "dataSourceFieldKey": null,
                  "mandatory": false,
                  "regex": null,
                  "requiredErrorMessage": null,
                  "invalidErrorMessage": null,
                  "condition": null,
                  "settings": {
                    "DefaultValue": ""
                  },
                  "preValues": [
                    "Yes",
                    "No"
                  ]
                },
                {
                  "caption": "If yes, please specify",
                  "tooltip": null,
                  "placeholder": null,
                  "cssClass": null,
                  "alias": "ifYesPleaseSpecify",
                  "id": "d9ecee33-0abd-444d-c9be-a0625fae1e56",
                  "fieldTypeId": "3f92e01b-29e2-4a30-bf33-9df5580ed52c",
                  "prevalueSourceId": "00000000-0000-0000-0000-000000000000",
                  "dataSourceFieldKey": null,
                  "mandatory": false,
                  "regex": null,
                  "requiredErrorMessage": null,
                  "invalidErrorMessage": null,
                  "condition": null,
                  "settings": {
                    "DefaultValue": ""
                  },
                  "preValues": []
                },
                {
                  "caption": "Are you subject to:",
                  "tooltip": null,
                  "placeholder": null,
                  "cssClass": null,
                  "alias": "areYouSubjectTo",
                  "id": "95ff2b2f-d110-4671-e6ec-994cb8f84e69",
                  "fieldTypeId": "fab43f20-a6bf-11de-a28f-9b5755d89593",
                  "prevalueSourceId": "00000000-0000-0000-0000-000000000000",
                  "dataSourceFieldKey": null,
                  "mandatory": false,
                  "regex": null,
                  "requiredErrorMessage": null,
                  "invalidErrorMessage": null,
                  "condition": null,
                  "settings": {
                    "DefaultValue": ""
                  },
                  "preValues": [
                    "Anemia",
                    "Asthma",
                    "Blood Disorder",
                    "Cancer",
                    "Diabetes"
                  ]
                },
                {
                  "caption": "If yes, please provide details",
                  "tooltip": null,
                  "placeholder": null,
                  "cssClass": null,
                  "alias": "ifYesPleaseProvideDetails",
                  "id": "7b17ea24-1e20-42c9-c913-0e6d47edf75a",
                  "fieldTypeId": "3f92e01b-29e2-4a30-bf33-9df5580ed52c",
                  "prevalueSourceId": "00000000-0000-0000-0000-000000000000",
                  "dataSourceFieldKey": null,
                  "mandatory": false,
                  "regex": null,
                  "requiredErrorMessage": null,
                  "invalidErrorMessage": null,
                  "condition": null,
                  "settings": {
                    "DefaultValue": ""
                  },
                  "preValues": []
                },
                {
                  "caption": "Are you subject to any other conditions not mentioned above?",
                  "tooltip": null,
                  "placeholder": null,
                  "cssClass": null,
                  "alias": "areYouSubjectToAnyOtherConditionsNotMentionedAbove",
                  "id": "08b90e67-c5e5-4de1-aef4-b49c76bdcfed",
                  "fieldTypeId": "3f92e01b-29e2-4a30-bf33-9df5580ed52c",
                  "prevalueSourceId": "00000000-0000-0000-0000-000000000000",
                  "dataSourceFieldKey": null,
                  "mandatory": false,
                  "regex": null,
                  "requiredErrorMessage": null,
                  "invalidErrorMessage": null,
                  "condition": null,
                  "settings": {
                    "DefaultValue": ""
                  },
                  "preValues": []
                },
                {
                  "caption": "Please indicate if you have received any injury to any of the following areas?",
                  "tooltip": null,
                  "placeholder": null,
                  "cssClass": null,
                  "alias": "pleaseIndicateIfYouHaveReceivedAnyInjuryToAnyOfTheFollowingAreas",
                  "id": "32e27190-cdbc-4673-ed37-d7595aa91da6",
                  "fieldTypeId": "fab43f20-a6bf-11de-a28f-9b5755d89593",
                  "prevalueSourceId": "00000000-0000-0000-0000-000000000000",
                  "dataSourceFieldKey": null,
                  "mandatory": false,
                  "regex": null,
                  "requiredErrorMessage": null,
                  "invalidErrorMessage": null,
                  "condition": null,
                  "settings": {
                    "DefaultValue": ""
                  },
                  "preValues": [
                    "Head",
                    "Nose",
                    "Teeth",
                    "Ear",
                    "Neck",
                    "Thorax",
                    "Ribs",
                    "Sternum",
                    "Upper Back",
                    "Acromion-Clavicular Joint",
                    "Lower Back",
                    "Shoulder",
                    "Rotator Cuff",
                    "Wrist",
                    "Upper Arm",
                    "Elbow",
                    "Forearm",
                    "Hand",
                    "Thumb",
                    "Finger",
                    "Hip",
                    "Thigh",
                    "Knee",
                    "Lower Leg",
                    "Ankle",
                    "Patella",
                    "Foot",
                    "Toes",
                    "Achilles Tendon"
                  ]
                },
                {
                  "caption": "Other, please specify",
                  "tooltip": null,
                  "placeholder": null,
                  "cssClass": null,
                  "alias": "otherPleaseSpecify",
                  "id": "ebc3a39c-e438-42b7-a6d4-05539a181c42",
                  "fieldTypeId": "3f92e01b-29e2-4a30-bf33-9df5580ed52c",
                  "prevalueSourceId": "00000000-0000-0000-0000-000000000000",
                  "dataSourceFieldKey": null,
                  "mandatory": false,
                  "regex": null,
                  "requiredErrorMessage": null,
                  "invalidErrorMessage": null,
                  "condition": null,
                  "settings": {
                    "DefaultValue": ""
                  },
                  "preValues": []
                },
                {
                  "caption": "Checkbox Policy field",
                  "tooltip": null,
                  "placeholder": null,
                  "cssClass": null,
                  "alias": "checkboxPolicyField",
                  "id": "d3ddbcac-c9ff-46a8-a771-1f195d44f87d",
                  "fieldTypeId": "5c754dce-8e85-4c7a-9cd6-b35441d44691",
                  "prevalueSourceId": "00000000-0000-0000-0000-000000000000",
                  "dataSourceFieldKey": null,
                  "mandatory": false,
                  "regex": null,
                  "requiredErrorMessage": null,
                  "invalidErrorMessage": null,
                  "condition": null,
                  "settings": {
                    "Policy": "I would like to receive electronic messages from Centennial College."
                  },
                  "preValues": []
                }
              ]
            }
          ],
          "condition": null
        }
      ],
      "caption": null,
      "sortOrder": 0,
      "id": "00000000-0000-0000-0000-000000000000",
      "form": "00000000-0000-0000-0000-000000000000"
    }
  ],
  "id": "b70ba7ef-a1bb-41a7-9362-b43ca84c8b46",
  "fieldIndicationType": "MarkMandatoryFields",
  "indicator": "*",
  "showValidationSummary": false,
  "hideFieldValidation": false,
  "requiredErrorMessage": "Please provide a value for {0}",
  "invalidErrorMessage": "Please provide a valid value for {0}",
  "messageOnSubmit": "Thank you",
  "goToPageOnSubmit": 51971,
  "xPathOnSubmit": null,
  "manualApproval": false,
  "storeRecordsLocally": true,
  "cssClass": null,
  "disableDefaultStylesheet": false,
  "useClientDependency": false,
  "workflows": [
    "4c1d82c1-aabe-4e24-8779-120edc4f455a"
  ],
  "datasource": null,
  "submitLabel": "Submit",
  "nextLabel": "Next",
  "prevLabel": "Previous"
}