{
  "name": "Summer Camp Registration",
  "created": "2015-08-14T16:08:56.7471104-04:00",
  "pages": [
    {
      "fieldSets": [
        {
          "caption": null,
          "sortOrder": 0,
          "id": "89fae100-46c6-4ad3-8906-2fc132639849",
          "page": "00000000-0000-0000-0000-000000000000",
          "containers": [
            {
              "caption": null,
              "width": 12,
              "fields": [
                {
                  "caption": "Parent/Guardian Name",
                  "tooltip": null,
                  "placeholder": null,
                  "cssClass": null,
                  "alias": "parentGuardianName",
                  "id": "fda801d5-9e84-4820-b754-073eac6b3bbd",
                  "fieldTypeId": "3f92e01b-29e2-4a30-bf33-9df5580ed52c",
                  "prevalueSourceId": "00000000-0000-0000-0000-000000000000",
                  "dataSourceFieldKey": null,
                  "mandatory": true,
                  "regex": null,
                  "requiredErrorMessage": null,
                  "invalidErrorMessage": null,
                  "condition": null,
                  "settings": {
                    "DefaultValue": ""
                  },
                  "preValues": []
                },
                {
                  "caption": "Apartment Number",
                  "tooltip": null,
                  "placeholder": null,
                  "cssClass": null,
                  "alias": "apartmentNumber",
                  "id": "18d6bf3a-22d3-4b53-e63d-e3e5642f7b5b",
                  "fieldTypeId": "3f92e01b-29e2-4a30-bf33-9df5580ed52c",
                  "prevalueSourceId": "00000000-0000-0000-0000-000000000000",
                  "dataSourceFieldKey": null,
                  "mandatory": false,
                  "regex": null,
                  "requiredErrorMessage": null,
                  "invalidErrorMessage": null,
                  "condition": null,
                  "settings": {
                    "DefaultValue": ""
                  },
                  "preValues": []
                },
                {
                  "caption": "Street Address",
                  "tooltip": null,
                  "placeholder": null,
                  "cssClass": null,
                  "alias": "streetAddress",
                  "id": "ea5ff968-ad68-4c56-a0a3-201fa128423a",
                  "fieldTypeId": "3f92e01b-29e2-4a30-bf33-9df5580ed52c",
                  "prevalueSourceId": "00000000-0000-0000-0000-000000000000",
                  "dataSourceFieldKey": null,
                  "mandatory": true,
                  "regex": null,
                  "requiredErrorMessage": null,
                  "invalidErrorMessage": null,
                  "condition": null,
                  "settings": {
                    "DefaultValue": ""
                  },
                  "preValues": []
                },
                {
                  "caption": "City",
                  "tooltip": null,
                  "placeholder": null,
                  "cssClass": null,
                  "alias": "city",
                  "id": "f098bfc0-4de1-488d-9448-a14129f0e2fc",
                  "fieldTypeId": "3f92e01b-29e2-4a30-bf33-9df5580ed52c",
                  "prevalueSourceId": "00000000-0000-0000-0000-000000000000",
                  "dataSourceFieldKey": null,
                  "mandatory": true,
                  "regex": null,
                  "requiredErrorMessage": null,
                  "invalidErrorMessage": null,
                  "condition": null,
                  "settings": {
                    "DefaultValue": ""
                  },
                  "preValues": []
                },
                {
                  "caption": "Postal Code",
                  "tooltip": null,
                  "placeholder": null,
                  "cssClass": null,
                  "alias": "postalCode",
                  "id": "bfea1ec1-4df8-48e6-ad37-384440848b72",
                  "fieldTypeId": "3f92e01b-29e2-4a30-bf33-9df5580ed52c",
                  "prevalueSourceId": "00000000-0000-0000-0000-000000000000",
                  "dataSourceFieldKey": null,
                  "mandatory": true,
                  "regex": null,
                  "requiredErrorMessage": null,
                  "invalidErrorMessage": null,
                  "condition": null,
                  "settings": {
                    "DefaultValue": ""
                  },
                  "preValues": []
                },
                {
                  "caption": "Home Phone",
                  "tooltip": null,
                  "placeholder": null,
                  "cssClass": null,
                  "alias": "homePhone",
                  "id": "f3e639b8-0131-4bad-f69c-e4c8b130a085",
                  "fieldTypeId": "3f92e01b-29e2-4a30-bf33-9df5580ed52c",
                  "prevalueSourceId": "00000000-0000-0000-0000-000000000000",
                  "dataSourceFieldKey": null,
                  "mandatory": true,
                  "regex": null,
                  "requiredErrorMessage": null,
                  "invalidErrorMessage": null,
                  "condition": null,
                  "settings": {
                    "DefaultValue": ""
                  },
                  "preValues": []
                },
                {
                  "caption": "Email",
                  "tooltip": null,
                  "placeholder": null,
                  "cssClass": null,
                  "alias": "email",
                  "id": "c2d99fce-d4d9-476c-b607-51923d34d9af",
                  "fieldTypeId": "3f92e01b-29e2-4a30-bf33-9df5580ed52c",
                  "prevalueSourceId": "00000000-0000-0000-0000-000000000000",
                  "dataSourceFieldKey": null,
                  "mandatory": true,
                  "regex": null,
                  "requiredErrorMessage": null,
                  "invalidErrorMessage": null,
                  "condition": null,
                  "settings": {
                    "DefaultValue": ""
                  },
                  "preValues": []
                },
                {
                  "caption": "Player First Name",
                  "tooltip": null,
                  "placeholder": null,
                  "cssClass": null,
                  "alias": "playerFirstName",
                  "id": "7679a363-6d51-4139-9b5c-ca537c25f9ce",
                  "fieldTypeId": "3f92e01b-29e2-4a30-bf33-9df5580ed52c",
                  "prevalueSourceId": "00000000-0000-0000-0000-000000000000",
                  "dataSourceFieldKey": null,
                  "mandatory": true,
                  "regex": null,
                  "requiredErrorMessage": null,
                  "invalidErrorMessage": null,
                  "condition": null,
                  "settings": {
                    "DefaultValue": ""
                  },
                  "preValues": []
                },
                {
                  "caption": "Player Last Name",
                  "tooltip": null,
                  "placeholder": null,
                  "cssClass": null,
                  "alias": "playerLastName",
                  "id": "706f9fbb-6b4c-4699-f979-df450e0095d8",
                  "fieldTypeId": "3f92e01b-29e2-4a30-bf33-9df5580ed52c",
                  "prevalueSourceId": "00000000-0000-0000-0000-000000000000",
                  "dataSourceFieldKey": null,
                  "mandatory": true,
                  "regex": null,
                  "requiredErrorMessage": null,
                  "invalidErrorMessage": null,
                  "condition": null,
                  "settings": {
                    "DefaultValue": ""
                  },
                  "preValues": []
                },
                {
                  "caption": "Player Birthdate",
                  "tooltip": null,
                  "placeholder": null,
                  "cssClass": null,
                  "alias": "playerBirthdate",
                  "id": "faa8cc4d-427f-4613-b1e0-64242a239a19",
                  "fieldTypeId": "227d26b2-0a7f-4cf6-be70-fcc87861c599",
                  "prevalueSourceId": "00000000-0000-0000-0000-000000000000",
                  "dataSourceFieldKey": null,
                  "mandatory": true,
                  "regex": null,
                  "requiredErrorMessage": null,
                  "invalidErrorMessage": null,
                  "condition": null,
                  "settings": {},
                  "preValues": []
                },
                {
                  "caption": "Player Gender",
                  "tooltip": null,
                  "placeholder": null,
                  "cssClass": null,
                  "alias": "playerGender",
                  "id": "0a11975f-4b06-47c3-bb1e-ce5e0ea2fe51",
                  "fieldTypeId": "903df9b0-a78c-11de-9fc1-db7a56d89593",
                  "prevalueSourceId": "00000000-0000-0000-0000-000000000000",
                  "dataSourceFieldKey": null,
                  "mandatory": true,
                  "regex": null,
                  "requiredErrorMessage": null,
                  "invalidErrorMessage": null,
                  "condition": null,
                  "settings": {
                    "DefaultValue": ""
                  },
                  "preValues": [
                    "Male",
                    "Female"
                  ]
                },
                {
                  "caption": "Player Basketball Experience",
                  "tooltip": null,
                  "placeholder": null,
                  "cssClass": null,
                  "alias": "playerBasketballExperience",
                  "id": "20a4491f-1c91-4b7c-e288-81f4bb803363",
                  "fieldTypeId": "903df9b0-a78c-11de-9fc1-db7a56d89593",
                  "prevalueSourceId": "00000000-0000-0000-0000-000000000000",
                  "dataSourceFieldKey": null,
                  "mandatory": true,
                  "regex": null,
                  "requiredErrorMessage": null,
                  "invalidErrorMessage": null,
                  "condition": null,
                  "settings": {
                    "DefaultValue": ""
                  },
                  "preValues": [
                    "Novice",
                    "1 to 2 years",
                    "3 to 5 years",
                    "REP level"
                  ]
                },
                {
                  "caption": "Player Medical Conditions (Please be specific)",
                  "tooltip": null,
                  "placeholder": null,
                  "cssClass": null,
                  "alias": "playerMedicalConditionsPleaseBeSpecific",
                  "id": "53d5fc95-e28a-4146-c0ff-8b4e5bc14d2f",
                  "fieldTypeId": "023f09ac-1445-4bcb-b8fa-ab49f33bd046",
                  "prevalueSourceId": "00000000-0000-0000-0000-000000000000",
                  "dataSourceFieldKey": null,
                  "mandatory": true,
                  "regex": null,
                  "requiredErrorMessage": null,
                  "invalidErrorMessage": null,
                  "condition": null,
                  "settings": {
                    "DefaultValue": ""
                  },
                  "preValues": []
                },
                {
                  "caption": "Does your child carry an epi-pen?",
                  "tooltip": null,
                  "placeholder": null,
                  "cssClass": null,
                  "alias": "doesYourChildCarryAnEpiPen",
                  "id": "a0de428b-0953-43de-b133-c3ef40dd59ae",
                  "fieldTypeId": "903df9b0-a78c-11de-9fc1-db7a56d89593",
                  "prevalueSourceId": "00000000-0000-0000-0000-000000000000",
                  "dataSourceFieldKey": null,
                  "mandatory": true,
                  "regex": null,
                  "requiredErrorMessage": null,
                  "invalidErrorMessage": null,
                  "condition": null,
                  "settings": {
                    "DefaultValue": ""
                  },
                  "preValues": [
                    "Yes",
                    "No"
                  ]
                },
                {
                  "caption": "Have they been trained in its use?",
                  "tooltip": null,
                  "placeholder": null,
                  "cssClass": null,
                  "alias": "haveTheyBeenTrainedInItsUse",
                  "id": "a8bf7ae9-b40b-411c-d65d-e9312e8f4bf4",
                  "fieldTypeId": "903df9b0-a78c-11de-9fc1-db7a56d89593",
                  "prevalueSourceId": "00000000-0000-0000-0000-000000000000",
                  "dataSourceFieldKey": null,
                  "mandatory": false,
                  "regex": null,
                  "requiredErrorMessage": null,
                  "invalidErrorMessage": null,
                  "condition": {
                    "id": "00000000-0000-0000-0000-000000000000",
                    "enabled": true,
                    "actionType": "Show",
                    "logicType": "All",
                    "rules": []
                  },
                  "settings": {
                    "DefaultValue": ""
                  },
                  "preValues": [
                    "Yes",
                    "No"
                  ]
                },
                {
                  "caption": "Will any medications be administered at camp?",
                  "tooltip": null,
                  "placeholder": null,
                  "cssClass": null,
                  "alias": "willAnyMedicationsBeAdministeredAtCamp",
                  "id": "ca10ea31-fe38-4f4d-d5f6-35bdd5720787",
                  "fieldTypeId": "903df9b0-a78c-11de-9fc1-db7a56d89593",
                  "prevalueSourceId": "00000000-0000-0000-0000-000000000000",
                  "dataSourceFieldKey": null,
                  "mandatory": true,
                  "regex": null,
                  "requiredErrorMessage": null,
                  "invalidErrorMessage": null,
                  "condition": null,
                  "settings": {
                    "DefaultValue": ""
                  },
                  "preValues": [
                    "Yes",
                    "No"
                  ]
                },
                {
                  "caption": "Doctor's Name",
                  "tooltip": null,
                  "placeholder": null,
                  "cssClass": null,
                  "alias": "doctorSName",
                  "id": "51361b71-0f67-4931-ff70-f5b56f2047f1",
                  "fieldTypeId": "3f92e01b-29e2-4a30-bf33-9df5580ed52c",
                  "prevalueSourceId": "00000000-0000-0000-0000-000000000000",
                  "dataSourceFieldKey": null,
                  "mandatory": false,
                  "regex": null,
                  "requiredErrorMessage": null,
                  "invalidErrorMessage": null,
                  "condition": null,
                  "settings": {
                    "DefaultValue": ""
                  },
                  "preValues": []
                },
                {
                  "caption": "Doctor's Phone Number",
                  "tooltip": null,
                  "placeholder": null,
                  "cssClass": null,
                  "alias": "doctorSPhoneNumber",
                  "id": "7f786d78-760c-4791-ad53-efb896bfda8a",
                  "fieldTypeId": "3f92e01b-29e2-4a30-bf33-9df5580ed52c",
                  "prevalueSourceId": "00000000-0000-0000-0000-000000000000",
                  "dataSourceFieldKey": null,
                  "mandatory": false,
                  "regex": null,
                  "requiredErrorMessage": null,
                  "invalidErrorMessage": null,
                  "condition": null,
                  "settings": {
                    "DefaultValue": ""
                  },
                  "preValues": []
                },
                {
                  "caption": "Emergency Contact Name",
                  "tooltip": null,
                  "placeholder": null,
                  "cssClass": null,
                  "alias": "emergencyContactName",
                  "id": "46fc004d-d3aa-4e08-d1ce-15e2ec6dc292",
                  "fieldTypeId": "3f92e01b-29e2-4a30-bf33-9df5580ed52c",
                  "prevalueSourceId": "00000000-0000-0000-0000-000000000000",
                  "dataSourceFieldKey": null,
                  "mandatory": true,
                  "regex": null,
                  "requiredErrorMessage": null,
                  "invalidErrorMessage": null,
                  "condition": null,
                  "settings": {
                    "DefaultValue": ""
                  },
                  "preValues": []
                },
                {
                  "caption": "Emergency Contact Phone Number",
                  "tooltip": null,
                  "placeholder": null,
                  "cssClass": null,
                  "alias": "emergencyContactPhoneNumber",
                  "id": "be2b9538-0db5-41c1-e9ea-89cbd9efdb24",
                  "fieldTypeId": "3f92e01b-29e2-4a30-bf33-9df5580ed52c",
                  "prevalueSourceId": "00000000-0000-0000-0000-000000000000",
                  "dataSourceFieldKey": null,
                  "mandatory": true,
                  "regex": null,
                  "requiredErrorMessage": null,
                  "invalidErrorMessage": null,
                  "condition": null,
                  "settings": {
                    "DefaultValue": ""
                  },
                  "preValues": []
                },
                {
                  "caption": "Does your child have permission to leave camp on their own?",
                  "tooltip": null,
                  "placeholder": null,
                  "cssClass": null,
                  "alias": "doesYourChildHavePermissionToLeaveCampOnTheirOwn",
                  "id": "9ed0d339-a156-4213-cf5e-ec513af4c945",
                  "fieldTypeId": "903df9b0-a78c-11de-9fc1-db7a56d89593",
                  "prevalueSourceId": "00000000-0000-0000-0000-000000000000",
                  "dataSourceFieldKey": null,
                  "mandatory": true,
                  "regex": null,
                  "requiredErrorMessage": null,
                  "invalidErrorMessage": null,
                  "condition": null,
                  "settings": {
                    "DefaultValue": ""
                  },
                  "preValues": [
                    "Yes",
                    "No"
                  ]
                },
                {
                  "caption": "Who has permission to pick up your child from camp?",
                  "tooltip": null,
                  "placeholder": null,
                  "cssClass": null,
                  "alias": "whoHasPermissionToPickUpYourChildFromCamp",
                  "id": "001c9404-a9d0-4174-9241-033fb61d0c69",
                  "fieldTypeId": "023f09ac-1445-4bcb-b8fa-ab49f33bd046",
                  "prevalueSourceId": "00000000-0000-0000-0000-000000000000",
                  "dataSourceFieldKey": null,
                  "mandatory": true,
                  "regex": null,
                  "requiredErrorMessage": null,
                  "invalidErrorMessage": null,
                  "condition": null,
                  "settings": {
                    "DefaultValue": ""
                  },
                  "preValues": []
                },
                {
                  "caption": "How did you hear about the Colts Camp?",
                  "tooltip": null,
                  "placeholder": null,
                  "cssClass": null,
                  "alias": "howDidYouHearAboutTheColtsCamp",
                  "id": "21d4800d-32f1-4822-c2a3-4e965281bc86",
                  "fieldTypeId": "fab43f20-a6bf-11de-a28f-9b5755d89593",
                  "prevalueSourceId": "00000000-0000-0000-0000-000000000000",
                  "dataSourceFieldKey": null,
                  "mandatory": false,
                  "regex": null,
                  "requiredErrorMessage": null,
                  "invalidErrorMessage": null,
                  "condition": null,
                  "settings": {
                    "DefaultValue": ""
                  },
                  "preValues": [
                    "Website",
                    "Mailing/Flyer",
                    "Ad",
                    "Friend"
                  ]
                },
                {
                  "caption": "Checkbox Policy field",
                  "tooltip": null,
                  "placeholder": null,
                  "cssClass": null,
                  "alias": "checkboxPolicyField",
                  "id": "8ccff923-371c-40cf-a986-4e0163bff662",
                  "fieldTypeId": "5c754dce-8e85-4c7a-9cd6-b35441d44691",
                  "prevalueSourceId": "00000000-0000-0000-0000-000000000000",
                  "dataSourceFieldKey": null,
                  "mandatory": false,
                  "regex": null,
                  "requiredErrorMessage": null,
                  "invalidErrorMessage": null,
                  "condition": null,
                  "settings": {
                    "Policy": "I would like to receive electronic messages from Centennial College"
                  },
                  "preValues": []
                }
              ]
            }
          ],
          "condition": {
            "id": "00000000-0000-0000-0000-000000000000",
            "enabled": true,
            "actionType": "Show",
            "logicType": "All",
            "rules": []
          }
        }
      ],
      "caption": null,
      "sortOrder": 0,
      "id": "00000000-0000-0000-0000-000000000000",
      "form": "00000000-0000-0000-0000-000000000000"
    }
  ],
  "id": "b805847a-9403-4bfb-86a0-91378889048d",
  "fieldIndicationType": "MarkMandatoryFields",
  "indicator": "*",
  "showValidationSummary": false,
  "hideFieldValidation": false,
  "requiredErrorMessage": "Please provide a value for {0}",
  "invalidErrorMessage": "Please provide a valid value for {0}",
  "messageOnSubmit": "Thank you",
  "goToPageOnSubmit": 51971,
  "xPathOnSubmit": null,
  "manualApproval": false,
  "storeRecordsLocally": true,
  "cssClass": null,
  "disableDefaultStylesheet": false,
  "useClientDependency": false,
  "workflows": [
    "22346769-2f73-4ce6-b45a-a8000974aa7e"
  ],
  "datasource": null,
  "submitLabel": "Submit",
  "nextLabel": "Next",
  "prevLabel": "Previous"
}