{
  "name": "International Sports Day",
  "created": "2016-03-04T16:31:28.4055012-05:00",
  "pages": [
    {
      "fieldSets": [
        {
          "caption": null,
          "sortOrder": 0,
          "id": "e94f0eb3-c289-453c-bcec-ab9771ba9618",
          "page": "00000000-0000-0000-0000-000000000000",
          "containers": [
            {
              "caption": null,
              "width": 12,
              "fields": [
                {
                  "caption": "First Name",
                  "tooltip": null,
                  "placeholder": null,
                  "cssClass": null,
                  "alias": "firstName",
                  "id": "4a88df19-97cc-42e6-d955-8e913522a650",
                  "fieldTypeId": "3f92e01b-29e2-4a30-bf33-9df5580ed52c",
                  "prevalueSourceId": "00000000-0000-0000-0000-000000000000",
                  "dataSourceFieldKey": null,
                  "mandatory": true,
                  "regex": null,
                  "requiredErrorMessage": "Please enter your First Name",
                  "invalidErrorMessage": null,
                  "condition": null,
                  "settings": {
                    "DefaultValue": ""
                  },
                  "preValues": []
                },
                {
                  "caption": "Last Name",
                  "tooltip": null,
                  "placeholder": null,
                  "cssClass": null,
                  "alias": "lastName",
                  "id": "7c4ec590-d8bb-4f9c-a0ad-997e81631cc0",
                  "fieldTypeId": "3f92e01b-29e2-4a30-bf33-9df5580ed52c",
                  "prevalueSourceId": "00000000-0000-0000-0000-000000000000",
                  "dataSourceFieldKey": null,
                  "mandatory": true,
                  "regex": null,
                  "requiredErrorMessage": "Please enter your Last Name",
                  "invalidErrorMessage": null,
                  "condition": null,
                  "settings": {
                    "DefaultValue": ""
                  },
                  "preValues": []
                },
                {
                  "caption": "Student ID",
                  "tooltip": null,
                  "placeholder": null,
                  "cssClass": null,
                  "alias": "studentID",
                  "id": "a3147c83-6e33-48d6-cac1-fcbae26c7f42",
                  "fieldTypeId": "3f92e01b-29e2-4a30-bf33-9df5580ed52c",
                  "prevalueSourceId": "00000000-0000-0000-0000-000000000000",
                  "dataSourceFieldKey": null,
                  "mandatory": true,
                  "regex": null,
                  "requiredErrorMessage": "Please enter your Student ID",
                  "invalidErrorMessage": null,
                  "condition": null,
                  "settings": {
                    "DefaultValue": ""
                  },
                  "preValues": []
                },
                {
                  "caption": "myCentennial Email Address",
                  "tooltip": null,
                  "placeholder": null,
                  "cssClass": null,
                  "alias": "mycentennialEmailAddress",
                  "id": "dc4f5fa7-880a-4c70-d38e-894487f800b7",
                  "fieldTypeId": "3f92e01b-29e2-4a30-bf33-9df5580ed52c",
                  "prevalueSourceId": "00000000-0000-0000-0000-000000000000",
                  "dataSourceFieldKey": null,
                  "mandatory": true,
                  "regex": null,
                  "requiredErrorMessage": "Please enter your myCentennial Email Address",
                  "invalidErrorMessage": null,
                  "condition": null,
                  "settings": {
                    "DefaultValue": ""
                  },
                  "preValues": []
                },
                {
                  "caption": "Consent",
                  "tooltip": null,
                  "placeholder": null,
                  "cssClass": null,
                  "alias": "consent",
                  "id": "ce117849-593d-4618-f84f-018f04a9ff53",
                  "fieldTypeId": "fab43f20-a6bf-11de-a28f-9b5755d89593",
                  "prevalueSourceId": "00000000-0000-0000-0000-000000000000",
                  "dataSourceFieldKey": null,
                  "mandatory": true,
                  "regex": null,
                  "requiredErrorMessage": "Please provide consent for receiving electronic messages from Centennial College",
                  "invalidErrorMessage": null,
                  "condition": null,
                  "settings": {
                    "DefaultValue": ""
                  },
                  "preValues": [
                    "I would like to receive electronic messages from Centennial College"
                  ]
                }
              ]
            }
          ],
          "condition": null
        }
      ],
      "caption": null,
      "sortOrder": 0,
      "id": "00000000-0000-0000-0000-000000000000",
      "form": "00000000-0000-0000-0000-000000000000"
    }
  ],
  "id": "c50fa7a0-ee68-4c33-ae82-13aa05cd83a1",
  "fieldIndicationType": "MarkMandatoryFields",
  "indicator": "*",
  "showValidationSummary": false,
  "hideFieldValidation": false,
  "requiredErrorMessage": "Please provide a value for {0}",
  "invalidErrorMessage": "Please provide a valid value for {0}",
  "messageOnSubmit": "Thank you",
  "goToPageOnSubmit": 52889,
  "xPathOnSubmit": null,
  "manualApproval": false,
  "storeRecordsLocally": true,
  "cssClass": null,
  "disableDefaultStylesheet": false,
  "useClientDependency": false,
  "workflows": [
    "b4ecf29b-203c-4fe3-adc3-cc5808c94a6e"
  ],
  "datasource": null,
  "submitLabel": "Submit",
  "nextLabel": "Next",
  "prevLabel": "Previous"
}