{
  "name": "Leadership Passport Registration Form",
  "created": "2016-02-22T08:29:27.1808328-05:00",
  "pages": [
    {
      "fieldSets": [
        {
          "caption": null,
          "sortOrder": 0,
          "id": "8783da04-d368-43ef-ae75-1d86a622e591",
          "page": "00000000-0000-0000-0000-000000000000",
          "containers": [
            {
              "caption": null,
              "width": 12,
              "fields": [
                {
                  "caption": "First Name",
                  "tooltip": null,
                  "placeholder": null,
                  "cssClass": null,
                  "alias": "firstName",
                  "id": "858bb074-4fae-4d94-f53b-4a75baecd9ec",
                  "fieldTypeId": "3f92e01b-29e2-4a30-bf33-9df5580ed52c",
                  "prevalueSourceId": "00000000-0000-0000-0000-000000000000",
                  "dataSourceFieldKey": null,
                  "mandatory": true,
                  "regex": null,
                  "requiredErrorMessage": "Please enter your First Name.",
                  "invalidErrorMessage": null,
                  "condition": null,
                  "settings": {
                    "DefaultValue": ""
                  },
                  "preValues": []
                },
                {
                  "caption": "Last Name",
                  "tooltip": null,
                  "placeholder": null,
                  "cssClass": null,
                  "alias": "lastName",
                  "id": "32775b4b-e6b3-46e1-c8ab-193ea96ea7df",
                  "fieldTypeId": "3f92e01b-29e2-4a30-bf33-9df5580ed52c",
                  "prevalueSourceId": "00000000-0000-0000-0000-000000000000",
                  "dataSourceFieldKey": null,
                  "mandatory": true,
                  "regex": null,
                  "requiredErrorMessage": "Please enter your Last Name.",
                  "invalidErrorMessage": null,
                  "condition": null,
                  "settings": {
                    "DefaultValue": ""
                  },
                  "preValues": []
                },
                {
                  "caption": "Student ID",
                  "tooltip": null,
                  "placeholder": null,
                  "cssClass": null,
                  "alias": "studentID",
                  "id": "19465de8-4afe-4b8c-f4da-1fb0099853b1",
                  "fieldTypeId": "3f92e01b-29e2-4a30-bf33-9df5580ed52c",
                  "prevalueSourceId": "00000000-0000-0000-0000-000000000000",
                  "dataSourceFieldKey": null,
                  "mandatory": true,
                  "regex": null,
                  "requiredErrorMessage": "Please enter your Student ID",
                  "invalidErrorMessage": null,
                  "condition": null,
                  "settings": {
                    "DefaultValue": ""
                  },
                  "preValues": []
                },
                {
                  "caption": "School",
                  "tooltip": null,
                  "placeholder": null,
                  "cssClass": null,
                  "alias": "school",
                  "id": "0d499150-c001-4e82-e378-752e493a59e6",
                  "fieldTypeId": "3f92e01b-29e2-4a30-bf33-9df5580ed52c",
                  "prevalueSourceId": "00000000-0000-0000-0000-000000000000",
                  "dataSourceFieldKey": null,
                  "mandatory": false,
                  "regex": null,
                  "requiredErrorMessage": null,
                  "invalidErrorMessage": null,
                  "condition": null,
                  "settings": {
                    "DefaultValue": ""
                  },
                  "preValues": []
                },
                {
                  "caption": "Program",
                  "tooltip": null,
                  "placeholder": null,
                  "cssClass": null,
                  "alias": "program",
                  "id": "25f6a9fa-0d71-486a-c51f-463d94031740",
                  "fieldTypeId": "3f92e01b-29e2-4a30-bf33-9df5580ed52c",
                  "prevalueSourceId": "00000000-0000-0000-0000-000000000000",
                  "dataSourceFieldKey": null,
                  "mandatory": false,
                  "regex": null,
                  "requiredErrorMessage": null,
                  "invalidErrorMessage": null,
                  "condition": null,
                  "settings": {
                    "DefaultValue": ""
                  },
                  "preValues": []
                },
                {
                  "caption": "Semester",
                  "tooltip": null,
                  "placeholder": null,
                  "cssClass": null,
                  "alias": "semester",
                  "id": "a846f7c9-4794-4d6e-bb91-1531ce84eb4c",
                  "fieldTypeId": "3f92e01b-29e2-4a30-bf33-9df5580ed52c",
                  "prevalueSourceId": "00000000-0000-0000-0000-000000000000",
                  "dataSourceFieldKey": null,
                  "mandatory": false,
                  "regex": null,
                  "requiredErrorMessage": null,
                  "invalidErrorMessage": null,
                  "condition": null,
                  "settings": {
                    "DefaultValue": ""
                  },
                  "preValues": []
                },
                {
                  "caption": "Email Address",
                  "tooltip": null,
                  "placeholder": null,
                  "cssClass": null,
                  "alias": "emailAddress",
                  "id": "80f9ae0c-280c-42a4-bba6-7e0ec4ed099b",
                  "fieldTypeId": "3f92e01b-29e2-4a30-bf33-9df5580ed52c",
                  "prevalueSourceId": "00000000-0000-0000-0000-000000000000",
                  "dataSourceFieldKey": null,
                  "mandatory": true,
                  "regex": null,
                  "requiredErrorMessage": "Please enter your Email Address.",
                  "invalidErrorMessage": null,
                  "condition": null,
                  "settings": {
                    "DefaultValue": ""
                  },
                  "preValues": []
                },
                {
                  "caption": "Home Phone",
                  "tooltip": null,
                  "placeholder": null,
                  "cssClass": null,
                  "alias": "homePhone",
                  "id": "27911c33-839f-4a67-a660-9e62bab65d71",
                  "fieldTypeId": "3f92e01b-29e2-4a30-bf33-9df5580ed52c",
                  "prevalueSourceId": "00000000-0000-0000-0000-000000000000",
                  "dataSourceFieldKey": null,
                  "mandatory": false,
                  "regex": null,
                  "requiredErrorMessage": null,
                  "invalidErrorMessage": null,
                  "condition": null,
                  "settings": {
                    "DefaultValue": ""
                  },
                  "preValues": []
                },
                {
                  "caption": "Cell Phone",
                  "tooltip": null,
                  "placeholder": null,
                  "cssClass": null,
                  "alias": "cellPhone",
                  "id": "e1d46f98-1eca-4eef-d32c-3b8eb650e933",
                  "fieldTypeId": "3f92e01b-29e2-4a30-bf33-9df5580ed52c",
                  "prevalueSourceId": "00000000-0000-0000-0000-000000000000",
                  "dataSourceFieldKey": null,
                  "mandatory": false,
                  "regex": null,
                  "requiredErrorMessage": null,
                  "invalidErrorMessage": null,
                  "condition": null,
                  "settings": {
                    "DefaultValue": ""
                  },
                  "preValues": []
                },
                {
                  "caption": "Campus",
                  "tooltip": null,
                  "placeholder": null,
                  "cssClass": null,
                  "alias": "campus",
                  "id": "fb89e8db-852f-41e9-968b-5843d9cfd4a3",
                  "fieldTypeId": "903df9b0-a78c-11de-9fc1-db7a56d89593",
                  "prevalueSourceId": "00000000-0000-0000-0000-000000000000",
                  "dataSourceFieldKey": null,
                  "mandatory": false,
                  "regex": null,
                  "requiredErrorMessage": null,
                  "invalidErrorMessage": null,
                  "condition": null,
                  "settings": {
                    "DefaultValue": ""
                  },
                  "preValues": [
                    "Ashtonbee Campus",
                    "Morningside Campus",
                    "Progress Campus",
                    "Story Arts Centre",
                    "Pickering Learning Site",
                    "Eglinton Learning Site"
                  ]
                },
                {
                  "caption": "What on- or off-campus activities have you been involved with?",
                  "tooltip": null,
                  "placeholder": null,
                  "cssClass": null,
                  "alias": "whatOnOrOffCampusActivitiesHaveYouBeenInvolvedWith",
                  "id": "8174cef5-500d-4b32-8b1a-c1786ace9aa8",
                  "fieldTypeId": "fab43f20-a6bf-11de-a28f-9b5755d89593",
                  "prevalueSourceId": "00000000-0000-0000-0000-000000000000",
                  "dataSourceFieldKey": null,
                  "mandatory": false,
                  "regex": null,
                  "requiredErrorMessage": null,
                  "invalidErrorMessage": null,
                  "condition": null,
                  "settings": {
                    "DefaultValue": ""
                  },
                  "preValues": [
                    "Varsity team",
                    "Athletics and Recreation",
                    "CCSAI executive, board member or representative",
                    "Peer Mentoring",
                    "Peer Tutoring",
                    "Working towards a GCE",
                    "Member of a CCSAI Club",
                    "Student Worker",
                    "Student Volunteer",
                    "Community Volunteer"
                  ]
                },
                {
                  "caption": "If you are a Student Worker for a department, please indicate which department you are working for.",
                  "tooltip": null,
                  "placeholder": null,
                  "cssClass": null,
                  "alias": "ifYouAreAStudentWorkerForADepartmentPleaseIndicateWhichOne",
                  "id": "d2e15056-825a-48b6-da91-12df17e7ace8",
                  "fieldTypeId": "3f92e01b-29e2-4a30-bf33-9df5580ed52c",
                  "prevalueSourceId": "00000000-0000-0000-0000-000000000000",
                  "dataSourceFieldKey": null,
                  "mandatory": false,
                  "regex": null,
                  "requiredErrorMessage": null,
                  "invalidErrorMessage": null,
                  "condition": null,
                  "settings": {
                    "DefaultValue": ""
                  },
                  "preValues": []
                },
                {
                  "caption": "If you are a Student Volunteer for a department or program, please indicate which department or program you are volunteering for.",
                  "tooltip": null,
                  "placeholder": null,
                  "cssClass": null,
                  "alias": "ifYouAreAStudentVolunteerForADepartmentOrProgramPleaseIndicateWhichOne",
                  "id": "1eec7c50-e92b-425a-935d-4ed9bbb3850d",
                  "fieldTypeId": "3f92e01b-29e2-4a30-bf33-9df5580ed52c",
                  "prevalueSourceId": "00000000-0000-0000-0000-000000000000",
                  "dataSourceFieldKey": null,
                  "mandatory": false,
                  "regex": null,
                  "requiredErrorMessage": null,
                  "invalidErrorMessage": null,
                  "condition": null,
                  "settings": {
                    "DefaultValue": ""
                  },
                  "preValues": []
                },
                {
                  "caption": "If you are a community volunteer, please indicate where.",
                  "tooltip": null,
                  "placeholder": null,
                  "cssClass": null,
                  "alias": "ifYouAreACommunityVolunteerPleaseIndicateWhere",
                  "id": "3f6e118b-15f3-41e7-dd20-17f78519e9cc",
                  "fieldTypeId": "3f92e01b-29e2-4a30-bf33-9df5580ed52c",
                  "prevalueSourceId": "00000000-0000-0000-0000-000000000000",
                  "dataSourceFieldKey": null,
                  "mandatory": false,
                  "regex": null,
                  "requiredErrorMessage": null,
                  "invalidErrorMessage": null,
                  "condition": null,
                  "settings": {
                    "DefaultValue": ""
                  },
                  "preValues": []
                },
                {
                  "caption": "What leadership training or experiences have you had in the past?",
                  "tooltip": null,
                  "placeholder": null,
                  "cssClass": null,
                  "alias": "whatLeadershipTrainingOrExperiencesHaveYouHadInThePast",
                  "id": "6f46a642-57af-4b1f-eb66-ff9f97b33f8c",
                  "fieldTypeId": "fab43f20-a6bf-11de-a28f-9b5755d89593",
                  "prevalueSourceId": "00000000-0000-0000-0000-000000000000",
                  "dataSourceFieldKey": null,
                  "mandatory": false,
                  "regex": null,
                  "requiredErrorMessage": null,
                  "invalidErrorMessage": null,
                  "condition": null,
                  "settings": {
                    "DefaultValue": ""
                  },
                  "preValues": [
                    "Workshops",
                    "Conferences",
                    "Retreats",
                    "Departmental training session",
                    "Camps"
                  ]
                },
                {
                  "caption": "Other leadership training or experiences",
                  "tooltip": null,
                  "placeholder": null,
                  "cssClass": null,
                  "alias": "otherLeadershipTrainingOrExperiences",
                  "id": "d458bae3-aabf-4a71-87ac-8606a8081d7e",
                  "fieldTypeId": "3f92e01b-29e2-4a30-bf33-9df5580ed52c",
                  "prevalueSourceId": "00000000-0000-0000-0000-000000000000",
                  "dataSourceFieldKey": null,
                  "mandatory": false,
                  "regex": null,
                  "requiredErrorMessage": null,
                  "invalidErrorMessage": null,
                  "condition": null,
                  "settings": {
                    "DefaultValue": ""
                  },
                  "preValues": []
                },
                {
                  "caption": "Text field",
                  "tooltip": null,
                  "placeholder": null,
                  "cssClass": null,
                  "alias": "textField",
                  "id": "f37b8bee-7e8b-4d8b-fc86-47e9fe99d147",
                  "fieldTypeId": "e3fbf6c4-f46c-495e-aff8-4b3c227b4a98",
                  "prevalueSourceId": "00000000-0000-0000-0000-000000000000",
                  "dataSourceFieldKey": null,
                  "mandatory": false,
                  "regex": null,
                  "requiredErrorMessage": null,
                  "invalidErrorMessage": null,
                  "condition": null,
                  "settings": {
                    "Caption": "Please rate your knowledge in the following areas",
                    "BodyText": "0 = no knowledge, 3 = little knowledge, 5 = some knowledge, 7 = very knowledgeable, 10 = expert"
                  },
                  "preValues": []
                },
                {
                  "caption": "Effective communication skills",
                  "tooltip": null,
                  "placeholder": null,
                  "cssClass": null,
                  "alias": "effectiveCommunicationSkills",
                  "id": "24075dee-6159-4482-eebe-eb8f2e211f44",
                  "fieldTypeId": "0dd29d42-a6a5-11de-a2f2-222256d89593",
                  "prevalueSourceId": "00000000-0000-0000-0000-000000000000",
                  "dataSourceFieldKey": null,
                  "mandatory": false,
                  "regex": null,
                  "requiredErrorMessage": null,
                  "invalidErrorMessage": null,
                  "condition": null,
                  "settings": {
                    "DefaultValue": ""
                  },
                  "preValues": [
                    "0",
                    "1",
                    "2",
                    "3",
                    "4",
                    "5",
                    "6",
                    "7",
                    "8",
                    "9",
                    "10"
                  ]
                },
                {
                  "caption": "Teambuilding",
                  "tooltip": null,
                  "placeholder": null,
                  "cssClass": null,
                  "alias": "teambuilding",
                  "id": "2d315bad-230c-4dd0-cc15-d15a7ff4f921",
                  "fieldTypeId": "0dd29d42-a6a5-11de-a2f2-222256d89593",
                  "prevalueSourceId": "00000000-0000-0000-0000-000000000000",
                  "dataSourceFieldKey": null,
                  "mandatory": false,
                  "regex": null,
                  "requiredErrorMessage": null,
                  "invalidErrorMessage": null,
                  "condition": null,
                  "settings": {
                    "DefaultValue": ""
                  },
                  "preValues": [
                    "0",
                    "1",
                    "2",
                    "3",
                    "4",
                    "5",
                    "6",
                    "7",
                    "8",
                    "9",
                    "10"
                  ]
                },
                {
                  "caption": "Conflict resolution",
                  "tooltip": null,
                  "placeholder": null,
                  "cssClass": null,
                  "alias": "conflictResolution",
                  "id": "9ce9c7b1-4c10-4127-cbaa-4155189fe8b9",
                  "fieldTypeId": "0dd29d42-a6a5-11de-a2f2-222256d89593",
                  "prevalueSourceId": "00000000-0000-0000-0000-000000000000",
                  "dataSourceFieldKey": null,
                  "mandatory": false,
                  "regex": null,
                  "requiredErrorMessage": null,
                  "invalidErrorMessage": null,
                  "condition": null,
                  "settings": {
                    "DefaultValue": ""
                  },
                  "preValues": [
                    "0",
                    "1",
                    "2",
                    "3",
                    "4",
                    "5",
                    "6",
                    "7",
                    "8",
                    "9",
                    "10"
                  ]
                },
                {
                  "caption": "Leadership theory",
                  "tooltip": null,
                  "placeholder": null,
                  "cssClass": null,
                  "alias": "leadershipTheory",
                  "id": "eea8d8fb-0970-4376-b727-45e5660edfbb",
                  "fieldTypeId": "0dd29d42-a6a5-11de-a2f2-222256d89593",
                  "prevalueSourceId": "00000000-0000-0000-0000-000000000000",
                  "dataSourceFieldKey": null,
                  "mandatory": false,
                  "regex": null,
                  "requiredErrorMessage": null,
                  "invalidErrorMessage": null,
                  "condition": null,
                  "settings": {
                    "DefaultValue": ""
                  },
                  "preValues": [
                    "0",
                    "1",
                    "2",
                    "3",
                    "4",
                    "5",
                    "6",
                    "7",
                    "8",
                    "9",
                    "10"
                  ]
                },
                {
                  "caption": "Leadership development",
                  "tooltip": null,
                  "placeholder": null,
                  "cssClass": null,
                  "alias": "leadershipDevelopment",
                  "id": "46ee2b0d-b4e3-4d68-ef28-99f93aa8d660",
                  "fieldTypeId": "0dd29d42-a6a5-11de-a2f2-222256d89593",
                  "prevalueSourceId": "00000000-0000-0000-0000-000000000000",
                  "dataSourceFieldKey": null,
                  "mandatory": false,
                  "regex": null,
                  "requiredErrorMessage": null,
                  "invalidErrorMessage": null,
                  "condition": null,
                  "settings": {
                    "DefaultValue": ""
                  },
                  "preValues": [
                    "0",
                    "1",
                    "2",
                    "3",
                    "4",
                    "5",
                    "6",
                    "7",
                    "8",
                    "9",
                    "10"
                  ]
                },
                {
                  "caption": "Motivation",
                  "tooltip": null,
                  "placeholder": null,
                  "cssClass": null,
                  "alias": "motivation",
                  "id": "669a466c-b5d5-4162-b3c4-3fcdfe78691d",
                  "fieldTypeId": "0dd29d42-a6a5-11de-a2f2-222256d89593",
                  "prevalueSourceId": "00000000-0000-0000-0000-000000000000",
                  "dataSourceFieldKey": null,
                  "mandatory": false,
                  "regex": null,
                  "requiredErrorMessage": null,
                  "invalidErrorMessage": null,
                  "condition": null,
                  "settings": {
                    "DefaultValue": ""
                  },
                  "preValues": [
                    "0",
                    "1",
                    "2",
                    "3",
                    "4",
                    "5",
                    "6",
                    "7",
                    "8",
                    "9",
                    "10"
                  ]
                },
                {
                  "caption": "Collaboration",
                  "tooltip": null,
                  "placeholder": null,
                  "cssClass": null,
                  "alias": "collaboration",
                  "id": "a4db7314-68b9-4377-d2f6-90afe1d1aa8f",
                  "fieldTypeId": "0dd29d42-a6a5-11de-a2f2-222256d89593",
                  "prevalueSourceId": "00000000-0000-0000-0000-000000000000",
                  "dataSourceFieldKey": null,
                  "mandatory": false,
                  "regex": null,
                  "requiredErrorMessage": null,
                  "invalidErrorMessage": null,
                  "condition": null,
                  "settings": {
                    "DefaultValue": ""
                  },
                  "preValues": [
                    "0",
                    "1",
                    "2",
                    "3",
                    "4",
                    "5",
                    "6",
                    "7",
                    "8",
                    "9",
                    "10"
                  ]
                },
                {
                  "caption": "Diversity",
                  "tooltip": null,
                  "placeholder": null,
                  "cssClass": null,
                  "alias": "diversity",
                  "id": "aecc793c-6252-4d8c-949c-777e557e34d1",
                  "fieldTypeId": "0dd29d42-a6a5-11de-a2f2-222256d89593",
                  "prevalueSourceId": "00000000-0000-0000-0000-000000000000",
                  "dataSourceFieldKey": null,
                  "mandatory": false,
                  "regex": null,
                  "requiredErrorMessage": null,
                  "invalidErrorMessage": null,
                  "condition": null,
                  "settings": {
                    "DefaultValue": ""
                  },
                  "preValues": [
                    "0",
                    "1",
                    "2",
                    "3",
                    "4",
                    "5",
                    "6",
                    "7",
                    "8",
                    "9",
                    "10"
                  ]
                },
                {
                  "caption": "Politics in organizations",
                  "tooltip": null,
                  "placeholder": null,
                  "cssClass": null,
                  "alias": "politicsInOrganizations",
                  "id": "2b587ed3-03f1-47b3-b703-bc446db1c1ee",
                  "fieldTypeId": "0dd29d42-a6a5-11de-a2f2-222256d89593",
                  "prevalueSourceId": "00000000-0000-0000-0000-000000000000",
                  "dataSourceFieldKey": null,
                  "mandatory": false,
                  "regex": null,
                  "requiredErrorMessage": null,
                  "invalidErrorMessage": null,
                  "condition": null,
                  "settings": {
                    "DefaultValue": ""
                  },
                  "preValues": [
                    "0",
                    "1",
                    "2",
                    "3",
                    "4",
                    "5",
                    "6",
                    "7",
                    "8",
                    "9",
                    "10"
                  ]
                },
                {
                  "caption": "Relationship building",
                  "tooltip": null,
                  "placeholder": null,
                  "cssClass": null,
                  "alias": "relationshipBuilding",
                  "id": "aed9559d-f625-4c1e-bc26-28d94d4f9679",
                  "fieldTypeId": "0dd29d42-a6a5-11de-a2f2-222256d89593",
                  "prevalueSourceId": "00000000-0000-0000-0000-000000000000",
                  "dataSourceFieldKey": null,
                  "mandatory": false,
                  "regex": null,
                  "requiredErrorMessage": null,
                  "invalidErrorMessage": null,
                  "condition": null,
                  "settings": {
                    "DefaultValue": ""
                  },
                  "preValues": [
                    "0",
                    "1",
                    "2",
                    "3",
                    "4",
                    "5",
                    "6",
                    "7",
                    "8",
                    "9",
                    "10"
                  ]
                },
                {
                  "caption": "Problem solving",
                  "tooltip": null,
                  "placeholder": null,
                  "cssClass": null,
                  "alias": "problemSolving",
                  "id": "9e066386-9748-4541-cd38-e383770a0703",
                  "fieldTypeId": "0dd29d42-a6a5-11de-a2f2-222256d89593",
                  "prevalueSourceId": "00000000-0000-0000-0000-000000000000",
                  "dataSourceFieldKey": null,
                  "mandatory": false,
                  "regex": null,
                  "requiredErrorMessage": null,
                  "invalidErrorMessage": null,
                  "condition": null,
                  "settings": {
                    "DefaultValue": ""
                  },
                  "preValues": [
                    "0",
                    "1",
                    "2",
                    "3",
                    "4",
                    "5",
                    "6",
                    "7",
                    "8",
                    "9",
                    "10"
                  ]
                },
                {
                  "caption": "Global citizenship",
                  "tooltip": null,
                  "placeholder": null,
                  "cssClass": null,
                  "alias": "globalCitizenship",
                  "id": "d7cb7e48-6607-4efb-b7de-6a61ddd09fc7",
                  "fieldTypeId": "0dd29d42-a6a5-11de-a2f2-222256d89593",
                  "prevalueSourceId": "00000000-0000-0000-0000-000000000000",
                  "dataSourceFieldKey": null,
                  "mandatory": false,
                  "regex": null,
                  "requiredErrorMessage": null,
                  "invalidErrorMessage": null,
                  "condition": null,
                  "settings": {
                    "DefaultValue": ""
                  },
                  "preValues": [
                    "0",
                    "1",
                    "2",
                    "3",
                    "4",
                    "5",
                    "6",
                    "7",
                    "8",
                    "9",
                    "10"
                  ]
                },
                {
                  "caption": "Social change",
                  "tooltip": null,
                  "placeholder": null,
                  "cssClass": null,
                  "alias": "socialChange",
                  "id": "ceacf86e-e772-4c82-d773-db6c6a284c01",
                  "fieldTypeId": "0dd29d42-a6a5-11de-a2f2-222256d89593",
                  "prevalueSourceId": "00000000-0000-0000-0000-000000000000",
                  "dataSourceFieldKey": null,
                  "mandatory": false,
                  "regex": null,
                  "requiredErrorMessage": null,
                  "invalidErrorMessage": null,
                  "condition": null,
                  "settings": {
                    "DefaultValue": ""
                  },
                  "preValues": [
                    "0",
                    "1",
                    "2",
                    "3",
                    "4",
                    "5",
                    "6",
                    "7",
                    "8",
                    "9",
                    "10"
                  ]
                },
                {
                  "caption": "Goal setting",
                  "tooltip": null,
                  "placeholder": null,
                  "cssClass": null,
                  "alias": "goalSetting",
                  "id": "6ed311f4-7727-42f8-b6e3-4df4178154af",
                  "fieldTypeId": "0dd29d42-a6a5-11de-a2f2-222256d89593",
                  "prevalueSourceId": "00000000-0000-0000-0000-000000000000",
                  "dataSourceFieldKey": null,
                  "mandatory": false,
                  "regex": null,
                  "requiredErrorMessage": null,
                  "invalidErrorMessage": null,
                  "condition": null,
                  "settings": {
                    "DefaultValue": ""
                  },
                  "preValues": [
                    "0",
                    "1",
                    "2",
                    "3",
                    "4",
                    "5",
                    "6",
                    "7",
                    "8",
                    "9",
                    "10"
                  ]
                },
                {
                  "caption": "How do you define 'leadership'",
                  "tooltip": null,
                  "placeholder": null,
                  "cssClass": null,
                  "alias": "howDoYouDefineLeadership",
                  "id": "418252fb-836e-4bdc-d7c5-6057caf0d18f",
                  "fieldTypeId": "023f09ac-1445-4bcb-b8fa-ab49f33bd046",
                  "prevalueSourceId": "00000000-0000-0000-0000-000000000000",
                  "dataSourceFieldKey": null,
                  "mandatory": false,
                  "regex": null,
                  "requiredErrorMessage": null,
                  "invalidErrorMessage": null,
                  "condition": null,
                  "settings": {
                    "DefaultValue": ""
                  },
                  "preValues": []
                },
                {
                  "caption": "Please indicate why you are interested in completing the Leadership Passport Program.",
                  "tooltip": null,
                  "placeholder": null,
                  "cssClass": null,
                  "alias": "pleaseIndicateWhyYouAreInterestedInCompletingTheLeadershipPassportProgram",
                  "id": "8e41da98-6516-4c5b-9123-ec4042b82f75",
                  "fieldTypeId": "023f09ac-1445-4bcb-b8fa-ab49f33bd046",
                  "prevalueSourceId": "00000000-0000-0000-0000-000000000000",
                  "dataSourceFieldKey": null,
                  "mandatory": false,
                  "regex": null,
                  "requiredErrorMessage": null,
                  "invalidErrorMessage": null,
                  "condition": null,
                  "settings": {
                    "DefaultValue": ""
                  },
                  "preValues": []
                },
                {
                  "caption": "Consent",
                  "tooltip": null,
                  "placeholder": null,
                  "cssClass": null,
                  "alias": "consent",
                  "id": "964ebab1-f40c-450e-9325-127e0ef2670f",
                  "fieldTypeId": "fab43f20-a6bf-11de-a28f-9b5755d89593",
                  "prevalueSourceId": "00000000-0000-0000-0000-000000000000",
                  "dataSourceFieldKey": null,
                  "mandatory": true,
                  "regex": null,
                  "requiredErrorMessage": "Please indicate you would like to receive electronic messages from Centennial College.",
                  "invalidErrorMessage": null,
                  "condition": null,
                  "settings": {
                    "DefaultValue": ""
                  },
                  "preValues": [
                    "I would like to receive electronic messages from Centennial College."
                  ]
                }
              ]
            }
          ],
          "condition": null
        }
      ],
      "caption": null,
      "sortOrder": 0,
      "id": "00000000-0000-0000-0000-000000000000",
      "form": "00000000-0000-0000-0000-000000000000"
    }
  ],
  "id": "ca995a6e-f700-4aa3-baef-df57cff27198",
  "fieldIndicationType": "MarkMandatoryFields",
  "indicator": "*",
  "showValidationSummary": false,
  "hideFieldValidation": false,
  "requiredErrorMessage": "Please provide a value for {0}",
  "invalidErrorMessage": "Please provide a valid value for {0}",
  "messageOnSubmit": "Thank you",
  "goToPageOnSubmit": 0,
  "xPathOnSubmit": null,
  "manualApproval": false,
  "storeRecordsLocally": true,
  "cssClass": null,
  "disableDefaultStylesheet": false,
  "useClientDependency": false,
  "workflows": [
    "f545d578-844e-45dd-8060-91853256d2e6"
  ],
  "datasource": null,
  "submitLabel": "Submit",
  "nextLabel": "Next",
  "prevLabel": "Previous"
}