{
  "name": "CTI Contact Us Form",
  "created": "2015-11-11T12:55:14.1011739-05:00",
  "pages": [
    {
      "fieldSets": [
        {
          "caption": null,
          "sortOrder": 0,
          "id": "b3c6d206-1e5a-421e-b0f8-dd2b2626e7f4",
          "page": "00000000-0000-0000-0000-000000000000",
          "containers": [
            {
              "caption": null,
              "width": 12,
              "fields": [
                {
                  "caption": "Name",
                  "tooltip": null,
                  "placeholder": null,
                  "cssClass": null,
                  "alias": "name",
                  "id": "4cbc5e21-0cea-4bc0-f813-60de7fc893cd",
                  "fieldTypeId": "3f92e01b-29e2-4a30-bf33-9df5580ed52c",
                  "prevalueSourceId": "00000000-0000-0000-0000-000000000000",
                  "dataSourceFieldKey": null,
                  "mandatory": true,
                  "regex": null,
                  "requiredErrorMessage": null,
                  "invalidErrorMessage": null,
                  "condition": null,
                  "settings": {
                    "DefaultValue": ""
                  },
                  "preValues": []
                },
                {
                  "caption": "Email",
                  "tooltip": "",
                  "placeholder": null,
                  "cssClass": null,
                  "alias": "email",
                  "id": "c50750f1-e5ee-415c-ed6b-894f84d7dd03",
                  "fieldTypeId": "3f92e01b-29e2-4a30-bf33-9df5580ed52c",
                  "prevalueSourceId": "00000000-0000-0000-0000-000000000000",
                  "dataSourceFieldKey": null,
                  "mandatory": true,
                  "regex": null,
                  "requiredErrorMessage": null,
                  "invalidErrorMessage": null,
                  "condition": null,
                  "settings": {
                    "DefaultValue": ""
                  },
                  "preValues": []
                },
                {
                  "caption": "Company",
                  "tooltip": null,
                  "placeholder": null,
                  "cssClass": null,
                  "alias": "company",
                  "id": "a1c7859b-74db-4da6-8a6e-f941200e2220",
                  "fieldTypeId": "3f92e01b-29e2-4a30-bf33-9df5580ed52c",
                  "prevalueSourceId": "00000000-0000-0000-0000-000000000000",
                  "dataSourceFieldKey": null,
                  "mandatory": false,
                  "regex": null,
                  "requiredErrorMessage": null,
                  "invalidErrorMessage": null,
                  "condition": null,
                  "settings": {
                    "DefaultValue": ""
                  },
                  "preValues": []
                },
                {
                  "caption": "Phone",
                  "tooltip": "",
                  "placeholder": null,
                  "cssClass": null,
                  "alias": "phone",
                  "id": "71aee4bb-407b-467d-8d80-27c18ba3aa26",
                  "fieldTypeId": "3f92e01b-29e2-4a30-bf33-9df5580ed52c",
                  "prevalueSourceId": "00000000-0000-0000-0000-000000000000",
                  "dataSourceFieldKey": null,
                  "mandatory": false,
                  "regex": null,
                  "requiredErrorMessage": null,
                  "invalidErrorMessage": null,
                  "condition": null,
                  "settings": {
                    "DefaultValue": ""
                  },
                  "preValues": []
                },
                {
                  "caption": "Message",
                  "tooltip": null,
                  "placeholder": null,
                  "cssClass": null,
                  "alias": "message",
                  "id": "2d47e87f-7639-4e5a-c2d5-8669f4567938",
                  "fieldTypeId": "023f09ac-1445-4bcb-b8fa-ab49f33bd046",
                  "prevalueSourceId": "00000000-0000-0000-0000-000000000000",
                  "dataSourceFieldKey": null,
                  "mandatory": true,
                  "regex": null,
                  "requiredErrorMessage": null,
                  "invalidErrorMessage": null,
                  "condition": null,
                  "settings": {
                    "DefaultValue": ""
                  },
                  "preValues": []
                }
              ]
            }
          ],
          "condition": null
        }
      ],
      "caption": null,
      "sortOrder": 0,
      "id": "00000000-0000-0000-0000-000000000000",
      "form": "00000000-0000-0000-0000-000000000000"
    }
  ],
  "id": "e7c593d9-2f53-41f7-8251-02214da053ee",
  "fieldIndicationType": "MarkMandatoryFields",
  "indicator": "",
  "showValidationSummary": false,
  "hideFieldValidation": false,
  "requiredErrorMessage": "{0} is mandatory",
  "invalidErrorMessage": "{0} is not valid",
  "messageOnSubmit": "Thank you",
  "goToPageOnSubmit": 0,
  "xPathOnSubmit": null,
  "manualApproval": false,
  "storeRecordsLocally": true,
  "cssClass": null,
  "disableDefaultStylesheet": true,
  "useClientDependency": false,
  "workflows": [
    "edc47a2b-b238-4d7e-9ac6-d3c529f58bda"
  ],
  "datasource": null,
  "submitLabel": null,
  "nextLabel": null,
  "prevLabel": null
}