{
  "name": "EMPSI Nomination Form",
  "created": "2015-08-14T11:56:16.4070669-04:00",
  "pages": [
    {
      "fieldSets": [
        {
          "caption": null,
          "sortOrder": 0,
          "id": "e77730ae-f755-46db-8e13-b7320f8dd8e9",
          "page": "00000000-0000-0000-0000-000000000000",
          "containers": [
            {
              "caption": null,
              "width": 12,
              "fields": [
                {
                  "caption": "Nomination is for",
                  "tooltip": null,
                  "placeholder": null,
                  "cssClass": null,
                  "alias": "nominationIsFor",
                  "id": "e777b8f4-6601-4e7f-d20a-312053b1a57f",
                  "fieldTypeId": "fab43f20-a6bf-11de-a28f-9b5755d89593",
                  "prevalueSourceId": "00000000-0000-0000-0000-000000000000",
                  "dataSourceFieldKey": null,
                  "mandatory": true,
                  "regex": null,
                  "requiredErrorMessage": null,
                  "invalidErrorMessage": null,
                  "condition": null,
                  "settings": {
                    "DefaultValue": ""
                  },
                  "preValues": [
                    "Canadian Award for Emergency Management",
                    "Canadian Award for Business Continuity"
                  ]
                },
                {
                  "caption": "Nominee's Name",
                  "tooltip": null,
                  "placeholder": null,
                  "cssClass": null,
                  "alias": "nomineeSName",
                  "id": "9fef112e-df60-4071-ecbd-e5e586bc4b8e",
                  "fieldTypeId": "3f92e01b-29e2-4a30-bf33-9df5580ed52c",
                  "prevalueSourceId": "00000000-0000-0000-0000-000000000000",
                  "dataSourceFieldKey": null,
                  "mandatory": true,
                  "regex": null,
                  "requiredErrorMessage": null,
                  "invalidErrorMessage": null,
                  "condition": null,
                  "settings": {
                    "DefaultValue": ""
                  },
                  "preValues": []
                },
                {
                  "caption": "Nominee's Title",
                  "tooltip": null,
                  "placeholder": null,
                  "cssClass": null,
                  "alias": "nomineeSTitle",
                  "id": "74a59cef-abfd-4530-9c7a-887ef96f3be7",
                  "fieldTypeId": "3f92e01b-29e2-4a30-bf33-9df5580ed52c",
                  "prevalueSourceId": "00000000-0000-0000-0000-000000000000",
                  "dataSourceFieldKey": null,
                  "mandatory": false,
                  "regex": null,
                  "requiredErrorMessage": null,
                  "invalidErrorMessage": null,
                  "condition": null,
                  "settings": {
                    "DefaultValue": ""
                  },
                  "preValues": []
                },
                {
                  "caption": "Nominee's Organization",
                  "tooltip": null,
                  "placeholder": null,
                  "cssClass": null,
                  "alias": "nomineeSOrganization",
                  "id": "15adb92e-1420-4469-f072-9e1b89410a8b",
                  "fieldTypeId": "3f92e01b-29e2-4a30-bf33-9df5580ed52c",
                  "prevalueSourceId": "00000000-0000-0000-0000-000000000000",
                  "dataSourceFieldKey": null,
                  "mandatory": false,
                  "regex": null,
                  "requiredErrorMessage": null,
                  "invalidErrorMessage": null,
                  "condition": null,
                  "settings": {
                    "DefaultValue": ""
                  },
                  "preValues": []
                },
                {
                  "caption": "Nominee's Address",
                  "tooltip": null,
                  "placeholder": null,
                  "cssClass": null,
                  "alias": "nomineeSAddress",
                  "id": "c3c56b4c-1a7d-4fa1-e355-ec811c36ea09",
                  "fieldTypeId": "3f92e01b-29e2-4a30-bf33-9df5580ed52c",
                  "prevalueSourceId": "00000000-0000-0000-0000-000000000000",
                  "dataSourceFieldKey": null,
                  "mandatory": false,
                  "regex": null,
                  "requiredErrorMessage": null,
                  "invalidErrorMessage": null,
                  "condition": null,
                  "settings": {
                    "DefaultValue": ""
                  },
                  "preValues": []
                },
                {
                  "caption": "Nominee's City, Province, Postal Code",
                  "tooltip": null,
                  "placeholder": null,
                  "cssClass": null,
                  "alias": "nomineeSCityProvincePostalCode",
                  "id": "5330bfcf-2946-45a3-bd8e-a36691503e87",
                  "fieldTypeId": "023f09ac-1445-4bcb-b8fa-ab49f33bd046",
                  "prevalueSourceId": "00000000-0000-0000-0000-000000000000",
                  "dataSourceFieldKey": null,
                  "mandatory": false,
                  "regex": null,
                  "requiredErrorMessage": null,
                  "invalidErrorMessage": null,
                  "condition": null,
                  "settings": {
                    "DefaultValue": ""
                  },
                  "preValues": []
                },
                {
                  "caption": "Nominee's Phone",
                  "tooltip": null,
                  "placeholder": null,
                  "cssClass": null,
                  "alias": "nomineeSPhone",
                  "id": "2544759c-0dde-47e8-fc8a-bdef020a3443",
                  "fieldTypeId": "3f92e01b-29e2-4a30-bf33-9df5580ed52c",
                  "prevalueSourceId": "00000000-0000-0000-0000-000000000000",
                  "dataSourceFieldKey": null,
                  "mandatory": false,
                  "regex": null,
                  "requiredErrorMessage": null,
                  "invalidErrorMessage": null,
                  "condition": null,
                  "settings": {
                    "DefaultValue": ""
                  },
                  "preValues": []
                },
                {
                  "caption": "Nominee's Email",
                  "tooltip": null,
                  "placeholder": null,
                  "cssClass": null,
                  "alias": "nomineeSEmail",
                  "id": "ada14b05-3682-4107-8a7b-eb3258af7d0f",
                  "fieldTypeId": "3f92e01b-29e2-4a30-bf33-9df5580ed52c",
                  "prevalueSourceId": "00000000-0000-0000-0000-000000000000",
                  "dataSourceFieldKey": null,
                  "mandatory": true,
                  "regex": null,
                  "requiredErrorMessage": null,
                  "invalidErrorMessage": null,
                  "condition": null,
                  "settings": {
                    "DefaultValue": ""
                  },
                  "preValues": []
                },
                {
                  "caption": "Nominee's Career-Accomplishments",
                  "tooltip": null,
                  "placeholder": null,
                  "cssClass": null,
                  "alias": "nomineeSCareerAccomplishments",
                  "id": "988d4226-b072-41bc-bcc1-3ed38da2029e",
                  "fieldTypeId": "023f09ac-1445-4bcb-b8fa-ab49f33bd046",
                  "prevalueSourceId": "00000000-0000-0000-0000-000000000000",
                  "dataSourceFieldKey": null,
                  "mandatory": false,
                  "regex": null,
                  "requiredErrorMessage": null,
                  "invalidErrorMessage": null,
                  "condition": null,
                  "settings": {
                    "DefaultValue": ""
                  },
                  "preValues": []
                },
                {
                  "caption": "Nominee's Contribution to the Profession",
                  "tooltip": null,
                  "placeholder": null,
                  "cssClass": null,
                  "alias": "nomineeSContributionToTheProfession",
                  "id": "ce07948e-e707-4daf-bd0d-4f68a92a8c48",
                  "fieldTypeId": "023f09ac-1445-4bcb-b8fa-ab49f33bd046",
                  "prevalueSourceId": "00000000-0000-0000-0000-000000000000",
                  "dataSourceFieldKey": null,
                  "mandatory": false,
                  "regex": null,
                  "requiredErrorMessage": null,
                  "invalidErrorMessage": null,
                  "condition": null,
                  "settings": {
                    "DefaultValue": ""
                  },
                  "preValues": []
                },
                {
                  "caption": "Nominee's Leadership Qualities including any Awards or Citations",
                  "tooltip": null,
                  "placeholder": null,
                  "cssClass": null,
                  "alias": "nomineeSLeadershipQualitiesIncludingAnyAwardsOrCitations",
                  "id": "99c60cc5-4dd1-4d64-bfa1-cd0b828576d0",
                  "fieldTypeId": "023f09ac-1445-4bcb-b8fa-ab49f33bd046",
                  "prevalueSourceId": "00000000-0000-0000-0000-000000000000",
                  "dataSourceFieldKey": null,
                  "mandatory": false,
                  "regex": null,
                  "requiredErrorMessage": null,
                  "invalidErrorMessage": null,
                  "condition": null,
                  "settings": {
                    "DefaultValue": ""
                  },
                  "preValues": []
                },
                {
                  "caption": "Nominee's Contribution to Community Service, if any",
                  "tooltip": null,
                  "placeholder": null,
                  "cssClass": null,
                  "alias": "nomineeSContributionToCommunityServiceIfAny",
                  "id": "968c7d51-f8e6-4b63-e345-9402dbe50274",
                  "fieldTypeId": "023f09ac-1445-4bcb-b8fa-ab49f33bd046",
                  "prevalueSourceId": "00000000-0000-0000-0000-000000000000",
                  "dataSourceFieldKey": null,
                  "mandatory": false,
                  "regex": null,
                  "requiredErrorMessage": null,
                  "invalidErrorMessage": null,
                  "condition": null,
                  "settings": {
                    "DefaultValue": ""
                  },
                  "preValues": []
                }
              ]
            }
          ],
          "condition": null
        }
      ],
      "caption": "EMPSI Nomination Form",
      "sortOrder": 0,
      "id": "00000000-0000-0000-0000-000000000000",
      "form": "00000000-0000-0000-0000-000000000000"
    }
  ],
  "id": "ec9e42aa-750e-4c6d-a60c-2abd15696ef5",
  "fieldIndicationType": "MarkMandatoryFields",
  "indicator": "*",
  "showValidationSummary": false,
  "hideFieldValidation": false,
  "requiredErrorMessage": "Please provide a value for {0}",
  "invalidErrorMessage": "Please provide a valid value for {0}",
  "messageOnSubmit": "Thank you",
  "goToPageOnSubmit": 51971,
  "xPathOnSubmit": null,
  "manualApproval": false,
  "storeRecordsLocally": true,
  "cssClass": null,
  "disableDefaultStylesheet": false,
  "useClientDependency": false,
  "workflows": [
    "e2ea4796-fa1d-4219-848a-3b113e5ba8bc"
  ],
  "datasource": null,
  "submitLabel": "Submit",
  "nextLabel": "Next",
  "prevLabel": "Previous"
}