{
  "name": "ARIC Collaboration Request Form",
  "created": "2015-08-14T11:00:46.2811104-04:00",
  "pages": [
    {
      "fieldSets": [
        {
          "caption": null,
          "sortOrder": 0,
          "id": "4b104bc7-0c06-414f-96e6-923b78cfcfb5",
          "page": "00000000-0000-0000-0000-000000000000",
          "containers": [
            {
              "caption": null,
              "width": 12,
              "fields": [
                {
                  "caption": "Business Information",
                  "tooltip": null,
                  "placeholder": null,
                  "cssClass": null,
                  "alias": "businessInformation",
                  "id": "6940f7f2-1a23-4e21-f75b-d2d5d2730ce4",
                  "fieldTypeId": "e3fbf6c4-f46c-495e-aff8-4b3c227b4a98",
                  "prevalueSourceId": "00000000-0000-0000-0000-000000000000",
                  "dataSourceFieldKey": null,
                  "mandatory": false,
                  "regex": null,
                  "requiredErrorMessage": null,
                  "invalidErrorMessage": null,
                  "condition": null,
                  "settings": {
                    "DefaultValue": "",
                    "Caption": "Business Information",
                    "BodyText": ""
                  },
                  "preValues": []
                },
                {
                  "caption": "Legal Business Name",
                  "tooltip": "",
                  "placeholder": null,
                  "cssClass": null,
                  "alias": "legalBusinessName",
                  "id": "f8dd040d-3b22-4cf1-adee-921c71b3ea64",
                  "fieldTypeId": "3f92e01b-29e2-4a30-bf33-9df5580ed52c",
                  "prevalueSourceId": "00000000-0000-0000-0000-000000000000",
                  "dataSourceFieldKey": null,
                  "mandatory": true,
                  "regex": null,
                  "requiredErrorMessage": null,
                  "invalidErrorMessage": null,
                  "condition": null,
                  "settings": {
                    "DefaultValue": ""
                  },
                  "preValues": []
                },
                {
                  "caption": "Website",
                  "tooltip": "",
                  "placeholder": null,
                  "cssClass": null,
                  "alias": "website",
                  "id": "acc22bd3-3250-47c6-c648-aa5d46059e88",
                  "fieldTypeId": "3f92e01b-29e2-4a30-bf33-9df5580ed52c",
                  "prevalueSourceId": "00000000-0000-0000-0000-000000000000",
                  "dataSourceFieldKey": null,
                  "mandatory": true,
                  "regex": null,
                  "requiredErrorMessage": null,
                  "invalidErrorMessage": null,
                  "condition": null,
                  "settings": {
                    "DefaultValue": ""
                  },
                  "preValues": []
                },
                {
                  "caption": "Is your business based in Canada?",
                  "tooltip": null,
                  "placeholder": null,
                  "cssClass": null,
                  "alias": "isYourBusinessBasedInCanada",
                  "id": "39c5ba3c-7350-4263-b587-526bcdb3fb48",
                  "fieldTypeId": "903df9b0-a78c-11de-9fc1-db7a56d89593",
                  "prevalueSourceId": "00000000-0000-0000-0000-000000000000",
                  "dataSourceFieldKey": null,
                  "mandatory": true,
                  "regex": null,
                  "requiredErrorMessage": null,
                  "invalidErrorMessage": null,
                  "condition": null,
                  "settings": {
                    "DefaultValue": ""
                  },
                  "preValues": [
                    "Yes",
                    "No"
                  ]
                },
                {
                  "caption": "Is your business a for-profit?",
                  "tooltip": null,
                  "placeholder": null,
                  "cssClass": null,
                  "alias": "isYourBusinessAForProfit",
                  "id": "060082f1-465a-4d23-9ea3-c70f5a0da1be",
                  "fieldTypeId": "903df9b0-a78c-11de-9fc1-db7a56d89593",
                  "prevalueSourceId": "00000000-0000-0000-0000-000000000000",
                  "dataSourceFieldKey": null,
                  "mandatory": true,
                  "regex": null,
                  "requiredErrorMessage": null,
                  "invalidErrorMessage": null,
                  "condition": null,
                  "settings": {
                    "DefaultValue": ""
                  },
                  "preValues": [
                    "Yes",
                    "No"
                  ]
                },
                {
                  "caption": "How did you find out about us?",
                  "tooltip": null,
                  "placeholder": null,
                  "cssClass": null,
                  "alias": "howDidYouFindOutAboutUs",
                  "id": "17c58dd9-35cd-433a-a5d2-3fea5b373e1c",
                  "fieldTypeId": "3f92e01b-29e2-4a30-bf33-9df5580ed52c",
                  "prevalueSourceId": "00000000-0000-0000-0000-000000000000",
                  "dataSourceFieldKey": null,
                  "mandatory": true,
                  "regex": null,
                  "requiredErrorMessage": null,
                  "invalidErrorMessage": null,
                  "condition": null,
                  "settings": {
                    "DefaultValue": ""
                  },
                  "preValues": []
                },
                {
                  "caption": "How many people do you employ in Ontario?",
                  "tooltip": null,
                  "placeholder": null,
                  "cssClass": null,
                  "alias": "howManyPeopleDoYouEmployInOntario",
                  "id": "5eb59e64-a5e5-4df5-bd98-390f9c69559c",
                  "fieldTypeId": "3f92e01b-29e2-4a30-bf33-9df5580ed52c",
                  "prevalueSourceId": "00000000-0000-0000-0000-000000000000",
                  "dataSourceFieldKey": null,
                  "mandatory": true,
                  "regex": null,
                  "requiredErrorMessage": null,
                  "invalidErrorMessage": null,
                  "condition": null,
                  "settings": {
                    "DefaultValue": ""
                  },
                  "preValues": []
                },
                {
                  "caption": "In which year was your business founded?",
                  "tooltip": null,
                  "placeholder": null,
                  "cssClass": null,
                  "alias": "inWhichYearWasYourBusinessFounded",
                  "id": "7eecb7b4-1255-464c-eb44-7a5c174df40f",
                  "fieldTypeId": "3f92e01b-29e2-4a30-bf33-9df5580ed52c",
                  "prevalueSourceId": "00000000-0000-0000-0000-000000000000",
                  "dataSourceFieldKey": null,
                  "mandatory": true,
                  "regex": null,
                  "requiredErrorMessage": null,
                  "invalidErrorMessage": null,
                  "condition": null,
                  "settings": {
                    "DefaultValue": ""
                  },
                  "preValues": []
                },
                {
                  "caption": "What is your primary industry sector?",
                  "tooltip": null,
                  "placeholder": null,
                  "cssClass": null,
                  "alias": "whatIsYourPrimaryIndustrySector",
                  "id": "82a4eb25-c9a6-4857-c260-5533480a8001",
                  "fieldTypeId": "903df9b0-a78c-11de-9fc1-db7a56d89593",
                  "prevalueSourceId": "00000000-0000-0000-0000-000000000000",
                  "dataSourceFieldKey": null,
                  "mandatory": true,
                  "regex": null,
                  "requiredErrorMessage": null,
                  "invalidErrorMessage": null,
                  "condition": null,
                  "settings": {
                    "DefaultValue": ""
                  },
                  "preValues": [
                    "Healthcare",
                    "Energy",
                    "Aerospace",
                    "Other"
                  ]
                },
                {
                  "caption": "If other, please specify what your primary industry sector is",
                  "tooltip": null,
                  "placeholder": null,
                  "cssClass": null,
                  "alias": "ifOtherPleaseSpecifyWhatYourPrimaryIndustrySectorIs",
                  "id": "c676e5d6-678d-4eea-9183-3f6198323f44",
                  "fieldTypeId": "3f92e01b-29e2-4a30-bf33-9df5580ed52c",
                  "prevalueSourceId": "00000000-0000-0000-0000-000000000000",
                  "dataSourceFieldKey": null,
                  "mandatory": false,
                  "regex": null,
                  "requiredErrorMessage": null,
                  "invalidErrorMessage": null,
                  "condition": null,
                  "settings": {
                    "DefaultValue": ""
                  },
                  "preValues": []
                },
                {
                  "caption": "Text field",
                  "tooltip": null,
                  "placeholder": null,
                  "cssClass": null,
                  "alias": "textField",
                  "id": "25072752-6ebf-46a8-a6a4-20bfb6198f19",
                  "fieldTypeId": "e3fbf6c4-f46c-495e-aff8-4b3c227b4a98",
                  "prevalueSourceId": "00000000-0000-0000-0000-000000000000",
                  "dataSourceFieldKey": null,
                  "mandatory": false,
                  "regex": null,
                  "requiredErrorMessage": null,
                  "invalidErrorMessage": null,
                  "condition": null,
                  "settings": {
                    "Caption": "Applied Research and Innovation Project Information",
                    "BodyText": "A good project for collaboration with a college is one that is applied (practical and hands-on), offers flexible time lines (is not time sensitive) to allow for student learning curves, and is both challenging and rewarding from a professional perspective."
                  },
                  "preValues": []
                },
                {
                  "caption": "Proposed Project Details",
                  "tooltip": null,
                  "placeholder": null,
                  "cssClass": null,
                  "alias": "proposedProjectDetails",
                  "id": "ef1b186c-e3bd-4104-82e4-ec7e1358c202",
                  "fieldTypeId": "e3fbf6c4-f46c-495e-aff8-4b3c227b4a98",
                  "prevalueSourceId": "00000000-0000-0000-0000-000000000000",
                  "dataSourceFieldKey": null,
                  "mandatory": false,
                  "regex": null,
                  "requiredErrorMessage": null,
                  "invalidErrorMessage": null,
                  "condition": null,
                  "settings": {
                    "Caption": "Proposed Project Details",
                    "BodyText": ""
                  },
                  "preValues": []
                },
                {
                  "caption": "Proposed Project Title",
                  "tooltip": null,
                  "placeholder": null,
                  "cssClass": null,
                  "alias": "proposedProjectTitle",
                  "id": "839d1e37-b793-416c-d5fa-ed41b0b53d6e",
                  "fieldTypeId": "3f92e01b-29e2-4a30-bf33-9df5580ed52c",
                  "prevalueSourceId": "00000000-0000-0000-0000-000000000000",
                  "dataSourceFieldKey": null,
                  "mandatory": false,
                  "regex": null,
                  "requiredErrorMessage": null,
                  "invalidErrorMessage": null,
                  "condition": null,
                  "settings": {
                    "DefaultValue": ""
                  },
                  "preValues": []
                },
                {
                  "caption": "Objective",
                  "tooltip": null,
                  "placeholder": null,
                  "cssClass": null,
                  "alias": "objective",
                  "id": "8148ce81-c48b-4d3a-ef4e-bbce24ec0020",
                  "fieldTypeId": "3f92e01b-29e2-4a30-bf33-9df5580ed52c",
                  "prevalueSourceId": "00000000-0000-0000-0000-000000000000",
                  "dataSourceFieldKey": null,
                  "mandatory": false,
                  "regex": null,
                  "requiredErrorMessage": null,
                  "invalidErrorMessage": null,
                  "condition": null,
                  "settings": {
                    "DefaultValue": ""
                  },
                  "preValues": []
                },
                {
                  "caption": "Description",
                  "tooltip": null,
                  "placeholder": null,
                  "cssClass": null,
                  "alias": "description",
                  "id": "3b74564a-d049-4435-9f12-b43b0d01f606",
                  "fieldTypeId": "023f09ac-1445-4bcb-b8fa-ab49f33bd046",
                  "prevalueSourceId": "00000000-0000-0000-0000-000000000000",
                  "dataSourceFieldKey": null,
                  "mandatory": false,
                  "regex": null,
                  "requiredErrorMessage": null,
                  "invalidErrorMessage": null,
                  "condition": null,
                  "settings": {
                    "DefaultValue": ""
                  },
                  "preValues": []
                },
                {
                  "caption": "Proposed Deadline",
                  "tooltip": null,
                  "placeholder": null,
                  "cssClass": null,
                  "alias": "proposedDeadline",
                  "id": "fd913f81-f226-4514-ed9f-02c7d1d695df",
                  "fieldTypeId": "3f92e01b-29e2-4a30-bf33-9df5580ed52c",
                  "prevalueSourceId": "00000000-0000-0000-0000-000000000000",
                  "dataSourceFieldKey": null,
                  "mandatory": false,
                  "regex": null,
                  "requiredErrorMessage": null,
                  "invalidErrorMessage": null,
                  "condition": null,
                  "settings": {
                    "DefaultValue": ""
                  },
                  "preValues": []
                },
                {
                  "caption": "Text field",
                  "tooltip": null,
                  "placeholder": null,
                  "cssClass": null,
                  "alias": "textField",
                  "id": "d2a9d39f-712d-4799-9af6-7a32953d534f",
                  "fieldTypeId": "e3fbf6c4-f46c-495e-aff8-4b3c227b4a98",
                  "prevalueSourceId": "00000000-0000-0000-0000-000000000000",
                  "dataSourceFieldKey": null,
                  "mandatory": false,
                  "regex": null,
                  "requiredErrorMessage": null,
                  "invalidErrorMessage": null,
                  "condition": null,
                  "settings": {
                    "Caption": "Relevant Areas of Expertise and Resources",
                    "BodyText": "Centennial has multiple schools, centres, and institutes that may be able to help on your proposed project. Please identify all areas covered by your proposed project so that we can refer internally to all relevant business units."
                  },
                  "preValues": []
                },
                {
                  "caption": "Relevant Areas of Expertise and Resources",
                  "tooltip": null,
                  "placeholder": null,
                  "cssClass": null,
                  "alias": "relevantAreasOfExpertiseAndResources",
                  "id": "00df4d5a-cd06-4e82-fa24-7273c81c7911",
                  "fieldTypeId": "fab43f20-a6bf-11de-a28f-9b5755d89593",
                  "prevalueSourceId": "00000000-0000-0000-0000-000000000000",
                  "dataSourceFieldKey": null,
                  "mandatory": false,
                  "regex": null,
                  "requiredErrorMessage": null,
                  "invalidErrorMessage": null,
                  "condition": null,
                  "settings": {
                    "DefaultValue": ""
                  },
                  "preValues": [
                    "Engineering, Technology and Applied Science",
                    "Emergency Management and Public Safety",
                    "Communications, Media and Design",
                    "Entrepreneurship",
                    "Business",
                    "Community and Health Studies",
                    "Global Citizenship and Equity",
                    "Hospitality, Tourism and Culture",
                    "Continuing Education",
                    "Culture and Heritage",
                    "Advancement",
                    "Energy",
                    "Kids' Media",
                    "Transportation"
                  ]
                },
                {
                  "caption": "Text field",
                  "tooltip": null,
                  "placeholder": null,
                  "cssClass": null,
                  "alias": "textField",
                  "id": "869999ac-ee11-4dfb-c885-a87347816188",
                  "fieldTypeId": "e3fbf6c4-f46c-495e-aff8-4b3c227b4a98",
                  "prevalueSourceId": "00000000-0000-0000-0000-000000000000",
                  "dataSourceFieldKey": null,
                  "mandatory": false,
                  "regex": null,
                  "requiredErrorMessage": null,
                  "invalidErrorMessage": null,
                  "condition": null,
                  "settings": {
                    "Caption": "Contact Information",
                    "BodyText": ""
                  },
                  "preValues": []
                },
                {
                  "caption": "Name",
                  "tooltip": null,
                  "placeholder": null,
                  "cssClass": null,
                  "alias": "name",
                  "id": "a01ed391-0c77-423e-b6ed-26cb0abc9b05",
                  "fieldTypeId": "3f92e01b-29e2-4a30-bf33-9df5580ed52c",
                  "prevalueSourceId": "00000000-0000-0000-0000-000000000000",
                  "dataSourceFieldKey": null,
                  "mandatory": false,
                  "regex": null,
                  "requiredErrorMessage": null,
                  "invalidErrorMessage": null,
                  "condition": null,
                  "settings": {
                    "DefaultValue": ""
                  },
                  "preValues": []
                },
                {
                  "caption": "Business Title",
                  "tooltip": null,
                  "placeholder": null,
                  "cssClass": null,
                  "alias": "businessTitle",
                  "id": "c1f59d82-a509-4927-e4fd-26cfe969ffb0",
                  "fieldTypeId": "3f92e01b-29e2-4a30-bf33-9df5580ed52c",
                  "prevalueSourceId": "00000000-0000-0000-0000-000000000000",
                  "dataSourceFieldKey": null,
                  "mandatory": false,
                  "regex": null,
                  "requiredErrorMessage": null,
                  "invalidErrorMessage": null,
                  "condition": null,
                  "settings": {
                    "DefaultValue": ""
                  },
                  "preValues": []
                },
                {
                  "caption": "Email",
                  "tooltip": null,
                  "placeholder": null,
                  "cssClass": null,
                  "alias": "email",
                  "id": "7fc886e2-f19d-4624-964c-36df7efb50d9",
                  "fieldTypeId": "3f92e01b-29e2-4a30-bf33-9df5580ed52c",
                  "prevalueSourceId": "00000000-0000-0000-0000-000000000000",
                  "dataSourceFieldKey": null,
                  "mandatory": false,
                  "regex": null,
                  "requiredErrorMessage": null,
                  "invalidErrorMessage": null,
                  "condition": null,
                  "settings": {
                    "DefaultValue": ""
                  },
                  "preValues": []
                },
                {
                  "caption": "Telephone Number",
                  "tooltip": null,
                  "placeholder": null,
                  "cssClass": null,
                  "alias": "telephoneNumber",
                  "id": "5ef80a50-7a28-452f-b390-81516d92b855",
                  "fieldTypeId": "3f92e01b-29e2-4a30-bf33-9df5580ed52c",
                  "prevalueSourceId": "00000000-0000-0000-0000-000000000000",
                  "dataSourceFieldKey": null,
                  "mandatory": false,
                  "regex": null,
                  "requiredErrorMessage": null,
                  "invalidErrorMessage": null,
                  "condition": null,
                  "settings": {
                    "DefaultValue": ""
                  },
                  "preValues": []
                },
                {
                  "caption": "Consent",
                  "tooltip": null,
                  "placeholder": null,
                  "cssClass": null,
                  "alias": "consent",
                  "id": "c3a31376-0b0f-4f30-c92e-695d1cb9c791",
                  "fieldTypeId": "fab43f20-a6bf-11de-a28f-9b5755d89593",
                  "prevalueSourceId": "00000000-0000-0000-0000-000000000000",
                  "dataSourceFieldKey": null,
                  "mandatory": true,
                  "regex": null,
                  "requiredErrorMessage": null,
                  "invalidErrorMessage": null,
                  "condition": null,
                  "settings": {
                    "DefaultValue": ""
                  },
                  "preValues": [
                    "I would like to receive electronic messages from Centennial College and I consent to have this form submission to be forwarded to other non-profits in the regional innovation ecosystem for added assistance."
                  ]
                }
              ]
            }
          ],
          "condition": null
        }
      ],
      "caption": "",
      "sortOrder": 0,
      "id": "00000000-0000-0000-0000-000000000000",
      "form": "00000000-0000-0000-0000-000000000000"
    }
  ],
  "id": "ed135119-21b3-4a5c-bda6-80aa1a8047db",
  "fieldIndicationType": "MarkMandatoryFields",
  "indicator": "*",
  "showValidationSummary": false,
  "hideFieldValidation": false,
  "requiredErrorMessage": "Please provide a value for {0}",
  "invalidErrorMessage": "Please provide a valid value for {0}",
  "messageOnSubmit": "Thank you",
  "goToPageOnSubmit": 51971,
  "xPathOnSubmit": null,
  "manualApproval": false,
  "storeRecordsLocally": true,
  "cssClass": null,
  "disableDefaultStylesheet": false,
  "useClientDependency": false,
  "workflows": [
    "df9feda8-fa9a-41bb-bff9-40b4c17a11d3"
  ],
  "datasource": null,
  "submitLabel": "Submit",
  "nextLabel": "Next",
  "prevLabel": "Previous"
}