{
  "name": "Fitness Class Registration",
  "created": "2015-08-19T11:35:38.9909876-04:00",
  "pages": [
    {
      "fieldSets": [
        {
          "caption": null,
          "sortOrder": 0,
          "id": "a1a7f0cc-907b-42d0-adc8-13f577e227bb",
          "page": "00000000-0000-0000-0000-000000000000",
          "containers": [
            {
              "caption": null,
              "width": 12,
              "fields": [
                {
                  "caption": "Name",
                  "tooltip": null,
                  "placeholder": null,
                  "cssClass": null,
                  "alias": "name",
                  "id": "2170638b-3011-47b1-ef3b-37c18e3cfc57",
                  "fieldTypeId": "3f92e01b-29e2-4a30-bf33-9df5580ed52c",
                  "prevalueSourceId": "00000000-0000-0000-0000-000000000000",
                  "dataSourceFieldKey": null,
                  "mandatory": true,
                  "regex": null,
                  "requiredErrorMessage": null,
                  "invalidErrorMessage": null,
                  "condition": null,
                  "settings": {
                    "DefaultValue": ""
                  },
                  "preValues": []
                },
                {
                  "caption": "Student Number:",
                  "tooltip": null,
                  "placeholder": null,
                  "cssClass": null,
                  "alias": "studentNumber",
                  "id": "bfc4d692-6c67-404f-9d19-79f52488a889",
                  "fieldTypeId": "3f92e01b-29e2-4a30-bf33-9df5580ed52c",
                  "prevalueSourceId": "00000000-0000-0000-0000-000000000000",
                  "dataSourceFieldKey": null,
                  "mandatory": false,
                  "regex": null,
                  "requiredErrorMessage": null,
                  "invalidErrorMessage": null,
                  "condition": null,
                  "settings": {
                    "DefaultValue": ""
                  },
                  "preValues": []
                },
                {
                  "caption": "Phone Number",
                  "tooltip": "Phone Number",
                  "placeholder": null,
                  "cssClass": null,
                  "alias": "phoneNumber",
                  "id": "fc409934-d8f7-4b4b-87a1-09addb89925a",
                  "fieldTypeId": "3f92e01b-29e2-4a30-bf33-9df5580ed52c",
                  "prevalueSourceId": "00000000-0000-0000-0000-000000000000",
                  "dataSourceFieldKey": null,
                  "mandatory": true,
                  "regex": "^\\d{3}-\\d{3}-\\d{4}$|^\\d{10}$",
                  "requiredErrorMessage": null,
                  "invalidErrorMessage": "Invalid phone number",
                  "condition": null,
                  "settings": {
                    "DefaultValue": ""
                  },
                  "preValues": []
                },
                {
                  "caption": "Email Address",
                  "tooltip": "Email Address",
                  "placeholder": null,
                  "cssClass": null,
                  "alias": "emailAddress",
                  "id": "0b7d6181-764f-4ab6-a8db-dcf49f1ade9a",
                  "fieldTypeId": "3f92e01b-29e2-4a30-bf33-9df5580ed52c",
                  "prevalueSourceId": "00000000-0000-0000-0000-000000000000",
                  "dataSourceFieldKey": null,
                  "mandatory": true,
                  "regex": "\\w+([-+.]\\w+)*@\\w+([-.]\\w+)*\\.\\w+([-.]\\w+)*",
                  "requiredErrorMessage": null,
                  "invalidErrorMessage": "Invalid email",
                  "condition": null,
                  "settings": {
                    "DefaultValue": ""
                  },
                  "preValues": []
                },
                {
                  "caption": "Membership Type",
                  "tooltip": null,
                  "placeholder": null,
                  "cssClass": null,
                  "alias": "membershipType",
                  "id": "d219956a-3e14-4422-8d9c-d99697441caa",
                  "fieldTypeId": "903df9b0-a78c-11de-9fc1-db7a56d89593",
                  "prevalueSourceId": "00000000-0000-0000-0000-000000000000",
                  "dataSourceFieldKey": null,
                  "mandatory": false,
                  "regex": null,
                  "requiredErrorMessage": null,
                  "invalidErrorMessage": null,
                  "condition": null,
                  "settings": {
                    "DefaultValue": ""
                  },
                  "preValues": [
                    "Student",
                    "Student AWC Member",
                    "Student Non AWC Member"
                  ]
                },
                {
                  "caption": "Text field",
                  "tooltip": null,
                  "placeholder": null,
                  "cssClass": null,
                  "alias": "textField",
                  "id": "5384785f-0b0e-455f-cb3f-443ca951c701",
                  "fieldTypeId": "e3fbf6c4-f46c-495e-aff8-4b3c227b4a98",
                  "prevalueSourceId": "00000000-0000-0000-0000-000000000000",
                  "dataSourceFieldKey": null,
                  "mandatory": false,
                  "regex": null,
                  "requiredErrorMessage": null,
                  "invalidErrorMessage": null,
                  "condition": null,
                  "settings": {
                    "Caption": "",
                    "BodyText": "PRICING: 10 WEEKS (May 27th - Aug 2nd) \nSTUDENTS: $10 per class block for semester (10 weeks) \nSTAFF AWC Member: $20 per class block for semester (10 weeks) \nSTAFF – Non AWC Member: $40 per class block for semester (10 weeks) \n(Payment of Cash only must be made in person at the Progress Campus Athletics Office Room AWC 104)"
                  },
                  "preValues": []
                },
                {
                  "caption": "Classes",
                  "tooltip": null,
                  "placeholder": null,
                  "cssClass": null,
                  "alias": "radiobuttonlistField",
                  "id": "704e31d9-85d1-4f78-b6e4-192d3af2dc09",
                  "fieldTypeId": "fab43f20-a6bf-11de-a28f-9b5755d89593",
                  "prevalueSourceId": "00000000-0000-0000-0000-000000000000",
                  "dataSourceFieldKey": null,
                  "mandatory": true,
                  "regex": null,
                  "requiredErrorMessage": null,
                  "invalidErrorMessage": null,
                  "condition": null,
                  "settings": {
                    "DefaultValue": ""
                  },
                  "preValues": [
                    "12:30 - 13:30- Yoga - Billy Joel - Rm. 55"
                  ]
                },
                {
                  "caption": "Text field",
                  "tooltip": null,
                  "placeholder": null,
                  "cssClass": null,
                  "alias": "textField",
                  "id": "cdb5130b-ced1-4668-fd61-b7d222ad724b",
                  "fieldTypeId": "e3fbf6c4-f46c-495e-aff8-4b3c227b4a98",
                  "prevalueSourceId": "00000000-0000-0000-0000-000000000000",
                  "dataSourceFieldKey": null,
                  "mandatory": false,
                  "regex": null,
                  "requiredErrorMessage": null,
                  "invalidErrorMessage": null,
                  "condition": null,
                  "settings": {
                    "Caption": "",
                    "BodyText": "FITNESS CLASS POLICIES \n• Registration is on a first come, first serve basis. \n• Classes are non-transferrable and may be cancelled by the Athletics & Registration department if there is insufficient registration. \n• Class must have a minimum of 4 participants in order to take place. \n• Classes may not be joined more than 10 minutes in progress. \n• PAR – Q form must be completed before you will be eligible to participate \n• Appropriate shoes & clothing must be worn at all times. \n• Profanity and disruptive behavior are cause for dismissal. \n• Please make instructors aware of injuries that affect your physical abilities. \n• Please place yourself in the back of the class if you are planning on an early exit. \n• Do not remove equipment from group fitness room. \n• No refund will be given for any classes that are missed. \n• The use of cell phones / photo or video recording devices are strictly prohibited."
                  },
                  "preValues": []
                },
                {
                  "caption": "Consent",
                  "tooltip": null,
                  "placeholder": null,
                  "cssClass": null,
                  "alias": "consent",
                  "id": "9fe6001a-9f73-4d07-887a-136fa0f0b48c",
                  "fieldTypeId": "5c754dce-8e85-4c7a-9cd6-b35441d44691",
                  "prevalueSourceId": "00000000-0000-0000-0000-000000000000",
                  "dataSourceFieldKey": null,
                  "mandatory": true,
                  "regex": null,
                  "requiredErrorMessage": null,
                  "invalidErrorMessage": null,
                  "condition": {
                    "id": "00000000-0000-0000-0000-000000000000",
                    "enabled": false,
                    "actionType": "Show",
                    "logicType": "All",
                    "rules": []
                  },
                  "settings": {
                    "Policy": "I would like to receive electronic messages from Centennial College"
                  },
                  "preValues": []
                }
              ]
            }
          ],
          "condition": null
        }
      ],
      "caption": null,
      "sortOrder": 0,
      "id": "00000000-0000-0000-0000-000000000000",
      "form": "00000000-0000-0000-0000-000000000000"
    }
  ],
  "id": "ed50a9e8-cd9b-457e-b0ad-90116cf7447e",
  "fieldIndicationType": "MarkMandatoryFields",
  "indicator": "*",
  "showValidationSummary": false,
  "hideFieldValidation": false,
  "requiredErrorMessage": "Please provide a value for {0}",
  "invalidErrorMessage": "Please provide a valid value for {0}",
  "messageOnSubmit": "Thank you",
  "goToPageOnSubmit": 51971,
  "xPathOnSubmit": null,
  "manualApproval": false,
  "storeRecordsLocally": true,
  "cssClass": null,
  "disableDefaultStylesheet": false,
  "useClientDependency": false,
  "workflows": [
    "1f5e1eb5-2e36-430a-ab01-565355e5e0dd"
  ],
  "datasource": null,
  "submitLabel": "Submit",
  "nextLabel": "Next",
  "prevLabel": "Previous"
}